name,image_url,about,books_written
David Helwig,https://images.gr-assets.com/authors/1422027002p5/613.jpg,"David Gordon Helwig grew up in Toronto and at Niagara-on-the-Lake, Ont. He attended the University of Toronto, where he earned a BA, and then completed an MA at the University of Liverpool. First publishing as a poet, Helwig moved on to drama and fiction, including a series of novels focusing on characters living in Kingston, where Helwig lived for many years teaching at Queen's University. He has also taught at the Collins Bay Penitentiary near Kingston, an experience that led to his nonfiction work A Book about Billie (1972), an assemblage of prose derived from his interviews with a convict. Helwig was a long-time editor at Oberon Press, where he edited the annual anthology Best Canadian Stories. He has written scripts for television and radio, and arts commentary for newspapers and magazines across the country. David Helwig moved to a small village on Prince Edward Island in 1996.Increasingly David Helwig's poetry has moved from lyrics to longer narratives, starting with Atlantic Crossings (1974), 4 poems about ocean voyagers. The central poem of Book of the Hours (1979) deals with the 19th-century American writer Thomas Bulfinch and his ward, and Catchpenny Poems (1983) is a series of poetic meditations arising from 19th-century prints. A prolific poet, Helwig's collections include The Hundred Old Names (1989), The Beloved (1992), A Random Gospel (1996), and Telling Stories (2000). His long poem The Year One (2004) won the Atlantic Poetry Prize.Along with his impressive poetic output, David Helwig has been continually writing and publishing essays, novellas and novels. His essays have been collected in The Child of Someone (1997) and Living Here (2001). His memoir, The Names of Things, was published in 2006. David Helwig won the 2007 Matt Cohen Award for a lifetime of distinguished work. He was appointed Prince Edward Island's poet laureate in 2008.","scripts for television and radio, and arts commentary for newspapers and magazines across the country. David Helwig moved to a small village on Prince Edward Island in 1996.Increasingly David Helwig's poetry has moved from lyrics to longer narratives, starting with Atlantic Crossings (1974)"
Simon Schama,https://images.gr-assets.com/authors/1250448182p5/695.jpg,"Simon Schama was born in 1945. The son of a textile merchant with Lithuanian and Turkish grandparents, he spent his early years in Leigh-on-Sea in Essex. When his parents moved to London he won a scholarship to Haberdashers’ Aske’s School where his two great loves were English and History. Forced to choose between the two he opted to read history at Christ’s College, Cambridge. Here he was taught by Sir John Plumb whose other students: Linda Colley, Roy Porter and John Brewer are now central to British historical thought. It was Plumb’s influence which instilled in him the importance of narrative and written style in order to gain an audience for history outside academia. One of the hallmarks of Schama’s work is his flair for description: ‘he gets arcane matters to walk, in fact dance, off the page’ according to fellow historian Peter Hennessy. However, his approach is contentious and invites criticism of subjectivity and populism from academic circles. Schama remained at Christ’s for 10 years after his degree, becoming a fellow and then director of Studies, before moving to Brasenose College Oxford. While at Oxford he wrote Patriots and Liberators: Revolution in the Netherlands 1780-1813 (1977), which won the Wolfson Literary Award, and Two Rothschilds and the Land of Israel (1979). At Oxford he met his wife, Ginny Papaioannou a geneticist from California.Tired of the Oxford system (he once described his experience as being ‘like a gerbil on a treadmill’) and enticed by the freedom of US Academic life, he moved to America in 1980, becoming Professor of History at Harvard. Here he wrote The Embarrassment of Riches: An Interpretation of Dutch Culture in the Golden Age (1987), Citizens: A Chronicle of the French Revolution (1989) and Dead Certainties (Unwarranted Speculations) (1991): an a unusual linking of the death of General Wolfe at Quebec in 1759 and the murder of a doctor, George Parkman, by a Harvard Professor in 1849. Citizens, which was written at lightening speed: 900 pages in only 18 months, won the 1990 NCR Book Award. However, Schama’s emphasis on the terror and violence of the revolution and his argument, that from its beginning it was a ‘sacrament of blood’, ensured it has never found a publisher in France. He is now professor in history and art history at Columbia where he has written Landscape and Memory (1996) which received the W H Smith Literary Award and Rembrandt’s Eyes (1999). The latter is a controversial reassessment of the artist which attempts to reinstate the notion of Rembrandt the genius, aiming to invoke the atmosphere as well as the historical context. In Schama’s view, as he tells David D’Arcy in Art Newspaper ‘There are some passages of sublime reinvention for which history has absolutely no answers…it seems to me pointless and trivial to pretend that it does.’Simon Schama has also worked for the BBC on a 16 part series: ‘A History of Britain’ and has been an art critic and cultural essayist for The New Yorker and Talk magazine. He lives in New York with his wife and their two children Chloe and Gabriel.","style in order to gain an audience for history outside academia. One of the hallmarks of Schama’s work is his flair for description: ‘he gets arcane matters to walk, in fact dance, off the page’ according to fellow historian Peter Hennessy. However, his approach is contentious and invites criticism of subjectivity and populism from academic circles. Schama remained at Christ’s for 10 years after his degree, becoming a fellow and then director of Studies, before moving to Brasenose College Oxford. While at Oxford he wrote Patriots and Liberators: Revolution in the Netherlands 1780-1813 (1977); at lightening speed: 900 pages in only 18 months, won the 1990 NCR Book Award. However, Schama’s emphasis on the terror and violence of the revolution and his argument, that from its beginning it was a ‘sacrament of blood’, ensured it has never found a publisher in France. He is now professor in history and art history at Columbia where he has written Landscape and Memory (1996)"
Robert A. Caro,https://images.gr-assets.com/authors/1312687118p5/722.jpg,"A former investigative reporter for Newsday, Robert Caro is the author of The Power Broker (1974), a biography of the urban planner Robert Moses which he won the 1975 Pulitzer Prize. President Obama said that he read the biography when he was 22 years old and that the book ""mesmerized"" him. Obama said, ""I'm sure it helped to shape how I think about politics.""Caro has also written four biographies on Lyndon Johnson, including The Path to Power (1982), Means of Ascent (1990), and Master of the Senate (2002), and The Passage of Power (2012), which won the National Book Critics Circle Award. He is currently at work on a fifth and final volume about Lyndon Johnson","four biographies on Lyndon Johnson, including The Path to Power (1982)"
Steven J. Rosen,https://images.gr-assets.com/authors/1398246345p5/876.jpg,"Steven J. Rosen, also known as Satyaraja Dasa (born 1955), is an American author. He is the founding editor of The Journal of Vaishnava Studies and an associate editor of Back to Godhead, the magazine of the Hare Krishna Movement. He authored more than 20 books on Vaishnavism and related subjects.including Black Lotus: The Spiritual Journey of an Urban Mystic (2007), which is the life story of Bhakti Tirtha Swami.Steven J. Rosen has a strong view on vegetarianism and has written Diet for Transcendence: Vegetarianism and the World Religions (1997, previously published as Food for the Spirit) and Holy Cow: The Hare Krishna Contribution to Vegetarianism and Animal Rights (2004). In the former volume, he systematically explains the practice of vegetarianism in various religious traditions, such as Christianity, Islam, Buddhism, Hinduism and Judaism, with special attention to the philosophical schools of India. In the latter, citing the devotee-scholar Bhaktivinoda Thakur (1838–1914) and the Hindu savant Sivaya Subramuniyaswami (1927–2001), he looks at early Vedic tradition, animal sacrifices, and the innovative contributions of the Hare Krishna movement.","Diet for Transcendence: Vegetarianism and the World Religions (1997, previously published as Food for the Spirit) and Holy Cow: The Hare Krishna Contribution to Vegetarianism and Animal Rights (2004)"
Margaret Truman,https://images.gr-assets.com/authors/1226623201p5/1559.jpg,"Mary Margaret Truman-Daniel, widely known throughout her life as ""Margaret Truman"", (February 17, 1924 — January 29, 2008) was an American singer who later became a successful writer. She was the only child of Harry S. Truman (33rd President of the United States) and his wife Bess.Born in Independence, Missouri, she was christened Mary Margaret Truman (for her aunt Mary Jane Truman and her maternal grandmother Margaret Gates Wallace) but was called Margaret from early childhood.In 1944 Truman christened the battleship USS Missouri, which was named after her home state (when the ship was recommissioned in 1986 she was a featured speaker at the ceremony).Truman pursued a singing career in the late 1940s. After graduating from George Washington University and receiving some operatic vocal training, she debuted with the radio broadcast of a vocal recital in March 1947. After a performance in December 1950, Washington Post music critic Paul Hume wrote she was “extremely attractive on the stage... [but] cannot sing very well. She is flat a good deal of the time.” Her father, then President, wrote to Hume, ""I have never met you, but if I do you'll need a new nose and plenty of beefsteak and perhaps a supporter below."" Years later she recalled, “I thought it was funny. Sold tickets.”[1] Truman's singing career was widely publicized during her father's presidency and the February 26, 1951 cover of Time Magazine carried her image with a single musical note floating by her head. She performed on stage, radio and television until the mid 1950s.Truman's place in pop culture was confirmed by her appearances as a Guest Panelist on the popular game show What's My Line?, replacing Dorothy Kilgallen several times and also appearing as a Mystery Guest.Truman married New York Times reporter (and later editor) Clifton Daniel (1912 - 2000) on April 21, 1956 at Trinity Episcopal Church in Independence, Missouri. They had four sons: * Clifton Truman Daniel (born 1957) - has written and spoken publicly about his grandfather and his experiences as the grandchild of a president. * William Wallace Daniel (1959 - 2000) - who died in a New York City taxi cab collision * Harrison Gates Daniel (born 1963) * Thomas Washington Daniel (born 1966).She wrote several non-fiction and fiction books. Harry S. Truman (1972) was a critically acclaimed, full length biography of her father drawn from extensive resources at the Truman Library, published shortly before his death. Bess W. Truman (1986) was a detailed personal biography of her mother. She also wrote books on White House first ladies and pets, the history of the White House and its inhabitants, along with a critically successful series of fictional murder mysteries set in various locations in and around Washington, D.C. There have been claims these murder mysteries were ghost-written, perhaps by Donald Bain, but he denies this.[2][3] She continued to write and publish regularly into her eighties.In later life Mrs. Daniel resided in her Park Avenue home in Manhattan and served on the Board of Directors for the Harry S Truman Presidential Library and Museum along with the Board of Governors for the Franklin and Eleanor Roosevelt Institute.Margaret Truman-Daniel died in Chicago at the age of 83 on January 29, 2008, following a brief illness during which she was on a respirator and living in an assisted care facility.[4] On February 23, following a private memorial service, her ashes and those of her husband E. Clifton Daniel were interred in her parents' burial plot at the Truman Library and Museum in Independence, Missouri.Series:* Capital Crimes",and spoken publicly about his grandfather and his experiences as the grandchild of a president. * William Wallace Daniel (1959 - 2000) - who died in a New York City taxi cab collision * Harrison Gates Daniel (born 1963) * Thomas Washington Daniel (born 1966).She wrote several non-fiction and fiction books. Harry S. Truman (1972)
John Ruskin,https://images.gr-assets.com/authors/1390665793p5/1606.jpg,"John Ruskin was born on 8 February 1819 at 54 Hunter Street, London, the only child of Margaret and John James Ruskin. His father, a prosperous, self-made man who was a founding partner of Pedro Domecq sherries, collected art and encouraged his son's literary activities, while his mother, a devout evangelical Protestant, early dedicated her son to the service of God and devoutly wished him to become an Anglican bishop. Ruskin, who received his education at home until the age of twelve, rarely associated with other children and had few toys. During his sixth year he accompanied his parents on the first of many annual tours of the Continent. Encouraged by his father, he published his first poem, On Skiddaw and Derwent Water, at the age of eleven, and four years later his first prose work, an article on the waters of the Rhine.In 1836, the year he matriculated as a gentleman-commoner at Christ Church, Oxford, he wrote a pamphlet defending the painter Turner against the periodical critics, but at the artist's request he did not publish it. While at Oxford (where his mother had accompanied him) Ruskin associated largely with a wealthy and often rowdy set but continued to publish poetry and criticism; and in 1839 he won the Oxford Newdigate Prize for poetry. The next year, however, suspected consumption led him to interrupt his studies and travel, and he did not receive his degree until 1842, when he abandoned the idea of entering the ministry. This same year he began the first volume of Modern Painters after reviewers of the annual Royal Academy exhibition had again savagely treated Turner's works, and in 1846, after making his first trip abroad without his parents, he published the second volume, which discussed his theories of beauty and imagination within the context of figural as well as landscape painting.On 10 April 1848 Ruskin married Euphemia Chalmers Gray, and the next year he published The Seven Lamps of Architecture, after which he and Effie set out for Venice. In 1850 he published The King of the Golden River, which he had written for Effie nine years before, and a volume of poetry, and in the following year, during which Turner died and Ruskin made the acquaintance of the Pre-Raphaelites, the first volume of The Stones of Venice. The final two volumes appeared in 1853, the summer of which saw Millais, Ruskin, and Effie together in Scotland, where the artist painted Ruskin's portrait. The next year his wife left him and had their marriage annulled on grounds of non-consummation, after which she later married Millais. During this difficult year, Ruskin defended the Pre-Raphaelites, became close to Rossetti, and taught at the Working Men's College.In 1855 Ruskin began Academy Notes, his reviews of the annual exhibition, and the following year, in the course of which he became acquainted with the man who later became his close friend, the American Charles Eliot Norton, he published the third and fourth volumes of Modern Painters and The Harbours of England. He continued his immense productivity during the next four years, producing The Elements of Drawing and The Political Economy of Art in 1857, The Elements of Perspective and The Two Paths in 1859, and the fifth volume of Modern Painters and the periodical version of Unto This Last in 1860. During 1858, in the midst of this productive period, Ruskin decisively abandoned the evangelical Protestantism which had so shaped his ideas and attitudes, and he also met Rose La Touche, a young Irish Protestant girl with whom he was later to fall deeply and tragically in love.Throughout the 1860s Ruskin continued writing and lecturing on social and political economy, art, and myth, and during this decade he produced the Fraser's Magazine Essays on Political Economy (1863); revised as Munera Pulveris (1872), Sesame and Lilies (1865), The Grown of Wild Oliv","for Effie nine years before, and a volume of poetry, and in the following year, during which Turner died and Ruskin made the acquaintance of the Pre-Raphaelites, the first volume of The Stones of Venice. The final two volumes appeared in 1853, the summer of which saw Millais, Ruskin, and Effie together in Scotland, where the artist painted Ruskin's portrait. The next year his wife left him and had their marriage annulled on grounds of non-consummation, after which she later married Millais. During this difficult year, Ruskin defended the Pre-Raphaelites, became close to Rossetti, and taught at the Working Men's College.In 1855 Ruskin began Academy Notes, his reviews of the annual exhibition, and the following year, in the course of which he became acquainted with the man who later became his close friend, the American Charles Eliot Norton, he published the third and fourth volumes of Modern Painters and The Harbours of England. He continued his immense productivity during the next four years, producing The Elements of Drawing and The Political Economy of Art in 1857, The Elements of Perspective and The Two Paths in 1859, and the fifth volume of Modern Painters and the periodical version of Unto This Last in 1860. During 1858, in the midst of this productive period, Ruskin decisively abandoned the evangelical Protestantism which had so shaped his ideas and attitudes, and he also met Rose La Touche, a young Irish Protestant girl with whom he was later to fall deeply and tragically in love.Throughout the 1860s Ruskin continued writing and lecturing on social and political economy, art, and myth, and during this decade he produced the Fraser's Magazine Essays on Political Economy (1863)"
Geraldine McCaughrean,https://images.gr-assets.com/authors/1296256453p5/1631.jpg,"Geraldine McCaughrean was born in 1951 and brought up in North London. She studied at Christ Church College of Education, Canterbury and worked in a London publishing house for 10 years before becoming a full-time writer in 1988. She has written over 120 books, 50 short plays for schools, and a radio play.Her adult novels include Fires’ Astonishment (1990) and The Ideal Wife (1997), but she is best-known for her children’s books. She writes for children of all ages, from first readers, picture books, and younger children’s books, to children’s novels, which include A Little Lower than the Angels (1987), Gold Dust (1993) and Not the End of the World (2004), each of which have won the Whitbread Children’s Book Award, making her the only writer to have won this award three times.Geraldine McCaughrean has also written several collections of stories, including bible stories and fairy tales. She specialises in the retelling of classic tales such as The Canterbury Tales (1984), The Odyssey (1993), Moby Dick (1996) and El Cid (1989) and of myths and legends from around the world. These books include The Orchard Book of Greek Myths (1992) and The Orchard Book of Roman Myths (1999).Geraldine McCaughrean lives in Berkshire. Her book, Not the End of the World, is currently being adapted for the stage. White Darkness (2005), was shortlisted for the 2005 Whitbread Children's Book Award. In 2005, she was chosen to write the official sequel to J. M. Barrie's Peter Pan. Peter Pan in Scarlet was published in 2006.","over 120 books, 50 short plays for schools, and a radio play.Her adult novels include Fires’ Astonishment (1990); several collections of stories, including bible stories and fairy tales. She specialises in the retelling of classic tales such as The Canterbury Tales (1984)"
Ann Thwaite,https://images.gr-assets.com/authors/1578715146p5/2050.jpg,"Dr Ann Thwaite is a writer and occasional reviewer for publications such as The Guardian, Washington Post, Daily Telegraph, and Times. She has written five major biographies. Her biography AA Milne: His Life won the Whitbread Biography of the Year prize in 1990.She is also a children's writer, whose works include The Camelthorn Papers (1969), Allsorts 1-7 (ed, 1968-75), Tracks (1978), Allsorts of Poems (ed, 1978), The Ashton Affair (1995), and The Horse at Hilly Fields (1996).Dr Thwaite is a member of the Society of Authors, the Royal Over-Seas League, and the Children's Books History Society.","five major biographies. Her biography AA Milne: His Life won the Whitbread Biography of the Year prize in 1990.She is also a children's writer, whose works include The Camelthorn Papers (1969)"
Selina Shirley Hastings,https://images.gr-assets.com/authors/1452388839p5/2077.jpg,"Selina Shirley Hastings (born 5 March 1945) is a British journalist who became an author and biographer.The elder daughter of Francis, 16th Earl of Huntingdon, by his second marriage, Hastings was educated at St. Hugh's College, Oxford, where she took an MA degree.Hastings has written books including Sir Gawain and the Loathly Lady (1985), Nancy Mitford (1986), The Singing Ringing Tree (1988), The Man Who Wanted to Live Forever (1988), The Firebird (1995), Evelyn Waugh (1995), Beibl Lliw Y Plant (1998), Rosamond Lehmann (2002) and The Secret Lives of Somerset Maugham (2010). She is a past recipient of the Marsh Biography Award.Hastings was elected a Fellow of the Royal Society of Literature (FRSL) in 1994. Among others she and her sister, Lady Harriet Shackleton, are in remainder to several ancient English baronies, including those of Hastings and Botreaux.(from Wikipedia)",books including Sir Gawain and the Loathly Lady (1985)
Mem Fox,https://images.gr-assets.com/authors/1312035073p5/2131.jpg,"Mem Fox was born in Australia, grew up in Africa, studied drama in England, and returned to Adelaide, Australia in 1970, where she has lived with her husband, Malcolm, and daughter Chloë, happily ever after.Mem Fox is Australia’s most highly regarded picture-book author. Her first book, Possum Magic, is the best selling children’s book ever in Australia, with sales of over three million. And in the USA Time for Bed and Wilfrid Gordon McDonald Partridge have each sold over a million copies. Time for Bed is on Oprah’s list of the twenty best children’s books of all time. Mem has written thirty picture books for children and five non-fiction books for adults, including the best-selling Reading Magic, aimed at parents of very young children.Mem Fox was an Associate Professor in Literacy Studies at Flinders University in Adelaide, Australia, where she taught teachers for twenty four years until her early retirement in 1996. She has received many civic awards, honours and accolades in Australia, including two honorary doctorates. She has visited the United States over one hundred times, mostly in her role as a literacy expert although she is also a well-known author in America. She is an influential international consultant in literacy, but she pretends to sit around writing full time.Winner of the Dromkeen Medal (1990).","thirty picture books for children and five non-fiction books for adults, including the best-selling Reading Magic, aimed at parents of very young children.Mem Fox was an Associate Professor in Literacy Studies at Flinders University in Adelaide, Australia, where she taught teachers for twenty four years until her early retirement in 1996. She has received many civic awards, honours and accolades in Australia, including two honorary doctorates. She has visited the United States over one hundred times, mostly in her role as a literacy expert although she is also a well-known author in America. She is an influential international consultant in literacy, but she pretends to sit around writing full time.Winner of the Dromkeen Medal (1990)"
Jack C. Richards,https://images.gr-assets.com/authors/1511950353p5/2135.jpg,"Born in New Zealand, Dr. Richards obtained a Master of Arts degree with first class honours in English from Victoria University in Wellington, New Zealand, in 1966. He obtained his Ph.D. in Applied Linguistics from Laval University (a French-Language University) in Quebec City, Canada in 1972.He has worked in many parts of the world, including New Zealand, Canada, Indonesia, Singapore, Hong Kong, and the United States. After completing his PhD, he taught in Indonesia and was then appointed specialist in applied linguistics at the Regional Language Centre Singapore, under the auspices of the New Zealand Government. Later he was Senior Lecturer in English at the Chinese University of Hong Kong, before being appointed full professor in the Department of English as a Second Language at the University of Hawaii in 1981. In 1989 he returned to Hong Kong to set up a new department of English at the City University of Hong Kong, where he was head of the department of English and also chair professor. In 1996 he returned to his home country for two years to set up an MA program at the University of Auckland. In 1999 Dr. Richards retired from full-time university teaching and administration and since then has taught for part of each year at the Regional Language Centre (RELC), in Singapore, while making his primary residence in Sydney, Australia. At RELC, Dr. Richards teaches in the MA in Applied Linguistics program, as well as the RELC Post Graduate Diploma in Applied Linguistics.Dr. Richards is a frequent speaker at conferences and workshops for language teachers, and visits some 12 countries every year.He has written over 60 articles and 20 books. Many of his books and articles are classics in the field of second language teaching and have been translated into many different languages, including Spanish, Chinese, Korean, Japanese, and Arabic. Among his well known professional books are Error Analysis, (1974), Reflective Teaching in Second Language Classrooms (1996, with Charles Lockhart), Beyond Training (1998), The Language Teaching Matrix (1990), Curriculum Development in Language Teaching (2001), Approaches and Methods in Language Teaching (second edition 2001, with Ted Rodgers), Longman Dictionary of Language Teaching and Applied Linguistics (4th edition 2010, with Richard Schmidt) and Professional Development for Language Teachers (with Tom Farrell), Cambridge University Press 2005.Professor Richards has for many years made himself available as a speaker at many professional conferences without a fee, and supported scholarship programs in different parts of the world. In recognition of this the Presidents of De La Salle University, Manila and of Philippine Normal University, Manila, presented Professor Richards with a citation in 2001 which states: “Generous in sharing his expertise with junior members of the profession, unstinting in his efforts to promote excellent language teaching in all parts of the world, indefatigable in showing the applications of theory to teaching practice in the classroom, Dr. Richards is a fine example of what English language education and applied linguistics can accomplish.”In December 2011 Dr. Richards was awarded the honorary degree of Doctor of Literature by Victoria University, Wellington, in recognition of his contributions to English language teaching and the arts.In 2011 Dr. Richards was made an honorary professor in the Faculty of Education at the University of Sydney, Australia.","over 60 articles and 20 books. Many of his books and articles are classics in the field of second language teaching and have been translated into many different languages, including Spanish, Chinese, Korean, Japanese, and Arabic. Among his well known professional books are Error Analysis, (1974)"
Barry Unsworth,https://images.gr-assets.com/authors/1305210169p5/3101.jpg,"Barry Unsworth was born in 1930 in a mining village in Durham, and he attended Stockton-on-Tees Grammar School and Manchester University, B.A., 1951.From 1951-53, in the British Army, Royal Corps of Signals, he served and became second lieutenant. A teacher and a novelist, Unsworth worked as a lecturer in English at Norwood Technical College, London, at University of Athens for the British Council, at University of Istanbul,Turkey for British Council, lived as a Writer in residence, Liverpool University, England, and also at Lund University, Sweden. He was a teacher at the University of Iowa's Writers' Workshop, 1999.Unsworth was twice married, to Valerie Moor, 1959 with whom he had three daughters (marriage dissolved, 1991), and to Aira Pohjanvaara-Buffa, 1992. In later years made his home in Umbria, Italy. He died in Perugia, at age 81, of lung cancer. Unsworth's first novel, The Partnership, was published in 1966 when he was 36. ""...in my earlier novels, especially the two written in the early ’70s, The Hide and Mooncranker’s Gift, there was a baroque quality in the style, a density. The mood was grim, but the language was more figurative and more high-spirited. There was more delight in it, more self-indulgence, too. Among my earliest influences as a writer were the American novelists of the deep south, especially Eudora Welty, and some of that elated, grotesque comedy stayed with me.""Other novels include Mooncranker's Gift (1973) (winner of the Heinemann Award), Stone Virgin (1985), and Losing Nelson (1999). He counts William Faulkner, Eudora Welty and Carson McCullers as his major influences.Unsworth did not start to write historical fiction until his sixth novel, Pascali's Island. Pascali's Island (1980), the first of his novels to be shortlisted for the Booker Prize, is set on an unnamed Aegean island during the last years of the Ottoman Empire. Reflecting on this shift, Unsworth explained: ""Nowadays I go to Britain relatively rarely and for short periods; in effect, I have become an expatriate. The result has been a certain loss of interest in British life and society and a very definite loss of confidence in my ability to register the contemporary scene there – the kind of things people say, the styles of dress, the politics etc.– with sufficient subtlety and accuracy. So I have turned to the past. The great advantage of this, for a writer of my temperament at least, is that one is freed from a great deal of surface clutter. One is enabled to take a remote period and use it as a distant mirror (to borrow Barbara Tuchman’s phrase), and so try to say things about our human condition – then and now – which transcend the particular period and become timeless."" Pascali's Island was adapted as a film by James Dearden, starring Charles Dance, Helen Mirren, and Ben Kingsley as the title character.Morality Play, shortlisted for the Booker Prize in 1995, is a murder mystery set in 14th-century England. It was adapted as a film, The Reckoning, starring Paul Bettany and Willem Dafoe.""With time I have grown more sparing with the words. I think less of fire-works and flourishes. I try to get warmth and color through precision of language. This is more difficult, I think, which may be why I find writing novels so challenging and exacting.""Awards:Heinemann Award for Literature, Royal Society of Literature, 1974, for Mooncranker's Gift; Arts Council Creative Writing fellowship, Charlotte Mason College, 1978-79; literary fellow, Universities of Durham and Newcastle, 1983-84; Booker Prize (joint winner), 1992, for Sacred Hunger; honorary Litt.D., Manchester University, 1998.","in the early ’70s, The Hide and Mooncranker’s Gift, there was a baroque quality in the style, a density. The mood was grim, but the language was more figurative and more high-spirited. There was more delight in it, more self-indulgence, too. Among my earliest influences as a writer were the American novelists of the deep south, especially Eudora Welty, and some of that elated, grotesque comedy stayed with me.""Other novels include Mooncranker's Gift (1973)"
Morley Callaghan,https://images.gr-assets.com/authors/1348672592p5/3181.jpg,"Edward Morley Callaghan (February 22 1903 -- August 25 1990) was a Canadian novelist, short story writer, playwright, television and radio personality. Of Irish parentage, Callaghan was born and raised in Toronto. He was educated at Riverdale Collegiate Institute, the University of Toronto and Osgoode Hall Law School, though he never practised law. During the 1920s he worked at the Toronto Daily Star where he became friends with fellow reporter, Ernest Hemingway, formerly of The Kansas City Star. Callaghan began writing stories that were well received and soon was recognized as one of the best short story writers of the day. In 1929 he spent some months in Paris, where he was part of the great gathering of writers in Montparnasse that included Hemingway, Ezra Pound, Gertrude Stein, F. Scott Fitzgerald, and James Joyce.He recalled this time in his 1963 memoir That Summer in Paris. In the book, he discusses the infamous boxing match between himself and Hemingway wherein Callaghan took up Hemingway's challenge to a bout. While in Paris, the pair had been regular sparring partners at the American Club of Paris. Being a better boxer, Callaghan knocked Hemingway to the mat. The blame was centred on referee F. Scott Fitzgerald's lack of attention on the stop-watch as he let the boxing round go past its regulation three minutes. An infuriated Hemingway was angry at Fitzgerald. Hemingway and Fitzgerald had an often caustic relationship and Hemingway was convinced that Fitzgerald let the round go longer than normal in order to see Hemingway humiliated by Callaghan. Callaghan's novels and short stories are marked by undertones of Roman Catholicism, often focusing on individuals whose essential characteristic is a strong but often weakened sense of self. His first novels were Strange Fugitive (1928), a number of short stories, novellas and novels followed. Callaghan published little between 1937 and 1950. However, during these years, many non-fiction articles were written in various periodicals such as New World (Toronto), and National Home Monthly. Luke Baldwin's Vow, a slim novel about a boy and his dog, was originally published in a 1947 edition of Saturday Evening Post and soon became a juvenile classic read in school rooms around the world. The Loved and the Lost (1951) won the Governor General's Award. Callaghan's later works include, among others, The Many Coloured Coat (1960), A Passion in Rome (1961), A Fine and Private Place (1975), A Time for Judas (1983), Our Lady of the Snows (1985). His last novel was A Wild Old Man Down the Road (1988). Publications of short stories have appeared in The Lost and Found Stories of Morley Callaghan (1985), and in The New Yorker Stories (2001). The four-volume The Complete Stories (2003) collects for the first time 90 of his stories.Callaghan was awarded the Royal Society of Canada's Lorne Pierce Medal in 1960. In 1982 he was made a Companion of the Order of Canada.He married Loretto Dee, with whom he had two sons: Michael (born November 1931) and Barry (born 1937), a poet and author in his own right. Barry Callaghan's memoir Barrelhouse Kings (1998), examines his career and that of his father. After outliving most of his contemporaries, Callaghan died after a brief illness in Toronto at the age of 87.","in various periodicals such as New World (Toronto), and National Home Monthly. Luke Baldwin's Vow, a slim novel about a boy and his dog, was originally published in a 1947 edition of Saturday Evening Post and soon became a juvenile classic read in school rooms around the world. The Loved and the Lost (1951)"
Dale Carnegie,https://images.gr-assets.com/authors/1230226725p5/3317.jpg,"Dale Breckenridge Carnegie (originally Carnagey until 1922 and possibly somewhat later) (November 24, 1888 – November 1, 1955) was an American writer and lecturer and the developer of famous courses in self-improvement, salesmanship, corporate training, public speaking and interpersonal skills. Born in poverty on a farm in Missouri, he was the author of How to Win Friends and Influence People, first published in 1936, a massive bestseller that remains popular today. He also wrote a biography of Abraham Lincoln, titled Lincoln the Unknown, as well as several other books.Carnegie was an early proponent of what is now called responsibility assumption, although this only appears minutely in his written work. One of the core ideas in his books is that it is possible to change other people's behavior by changing one's reaction to them.Born in 1888 in Maryville, Missouri, Carnegie was a poor farmer's boy, the second son of James William Carnagey and wife Amanda Elizabeth Harbison (b. Missouri, February 1858 – living 1910). In his teens, though still having to get up at 4 a.m. every day to milk his parents' cows, he managed to get educated at the State Teacher's College in Warrensburg. His first job after college was selling correspondence courses to ranchers; then he moved on to selling bacon, soap and lard for Armour &amp; Company. He was successful to the point of making his sales territory of South Omaha, Nebraska the national leader for the firm.After saving $500, Carnegie quit sales in 1911 in order to pursue a lifelong dream of becoming a Chautauqua lecturer. He ended up instead attending the American Academy of Dramatic Arts in New York, but found little success as an actor, though it is written that he played the role of Dr. Hartley in a road show of Polly of the Circus.[citation needed] When the production ended, he returned to New York, unemployed, nearly broke, and living at the YMCA on 125th Street. It was there that he got the idea to teach public speaking, and he persuaded the ""Y"" manager to allow him to instruct a class in return for 80% of the net proceeds. In his first session, he had run out of material; improvising, he suggested that students speak about ""something that made them angry"", and discovered that the technique made speakers unafraid to address a public audience. From this 1912 debut, the Dale Carnegie Course evolved. Carnegie had tapped into the average American's desire to have more self-confidence, and by 1914, he was earning $500 - the equivalent of nearly $10,000 now - every week.Perhaps one of Carnegie’s most successful marketing moves was to change the spelling of his last name from “Carnegey” to Carnegie, at a time when Andrew Carnegie (unrelated) was a widely revered and recognized name. By 1916, Dale was able to rent Carnegie Hall itself for a lecture to a packed house. Carnegie's first collection of his writings was Public Speaking: a Practical Course for Business Men (1926), later entitled Public Speaking and Influencing Men in Business (1932). His crowning achievement, however, was when Simon &amp; Schuster published How to Win Friends and Influence People. The book was a bestseller from its debut in 1937, in its 17th printing within a few months. By the time of Carnegie's death, the book had sold five million copies in 31 languages, and there had been 450,000 graduates of his Dale Carnegie Institute. It has been stated in the book that he had critiqued over 150,000 speeches in his participation of the adult education movement of the time. During World War I he served in the U.S. Army.His first marriage ended in divorce in 1931. On November 5, 1944, in Tulsa, Oklahoma, he married Dorothy Price Vanderpool, who also had been divorced. Vanderpool had two daughters; Rosemary, from her first marriage, and Donna Dale from their marriage together.Carnegie died at Forest Hills, New York, and was buried in the Belton, Cass County, Missouri cemetery. The official biography fro","work. One of the core ideas in his books is that it is possible to change other people's behavior by changing one's reaction to them.Born in 1888 in Maryville, Missouri, Carnegie was a poor farmer's boy, the second son of James William Carnagey and wife Amanda Elizabeth Harbison (b. Missouri, February 1858 – living 1910). In his teens, though still having to get up at 4 a.m. every day to milk his parents' cows, he managed to get educated at the State Teacher's College in Warrensburg. His first job after college was selling correspondence courses to ranchers; then he moved on to selling bacon, soap and lard for Armour &amp; Company. He was successful to the point of making his sales territory of South Omaha, Nebraska the national leader for the firm.After saving $500, Carnegie quit sales in 1911 in order to pursue a lifelong dream of becoming a Chautauqua lecturer. He ended up instead attending the American Academy of Dramatic Arts in New York, but found little success as an actor, though it is written that he played the role of Dr. Hartley in a road show of Polly of the Circus.[citation needed] When the production ended, he returned to New York, unemployed, nearly broke, and living at the YMCA on 125th Street. It was there that he got the idea to teach public speaking, and he persuaded the ""Y"" manager to allow him to instruct a class in return for 80% of the net proceeds. In his first session, he had run out of material; improvising, he suggested that students speak about ""something that made them angry"", and discovered that the technique made speakers unafraid to address a public audience. From this 1912 debut, the Dale Carnegie Course evolved. Carnegie had tapped into the average American's desire to have more self-confidence, and by 1914, he was earning $500 - the equivalent of nearly $10,000 now - every week.Perhaps one of Carnegie’s most successful marketing moves was to change the spelling of his last name from “Carnegey” to Carnegie, at a time when Andrew Carnegie (unrelated) was a widely revered and recognized name. By 1916, Dale was able to rent Carnegie Hall itself for a lecture to a packed house. Carnegie's first collection of his writings was Public Speaking: a Practical Course for Business Men (1926)"
Carson McCullers,https://images.gr-assets.com/authors/1335451237p5/3506.jpg,"Carson McCullers was an American who wrote fiction, often described as Southern Gothic, that explores the spiritual isolation of misfits and outcasts of the South. From 1935 to 1937 she divided her time, as her studies and health dictated, between Columbus and New York and in September 1937 she married an ex-soldier and aspiring writer, Reeves McCullers. They began their married life in Charlotte, North Carolina where Reeves had found some work. There, and in Fayetteville, North Carolina, she wrote her first novel, The Heart Is a Lonely Hunter, in the Southern Gothic tradition. The title, suggested by McCullers's editor, was taken from Fiona MacLeod's poem ""The Lonely Hunter."" However, many (including Carson McCullers) claim she wrote in the style of Southern Realism, a genre inspired by Russian Realism. The novel itself was interpreted as an anti-fascist book. Altogether she published eight books. The Heart Is a Lonely Hunter (1940), written at the age of twenty-three, Reflections in a Golden Eye (1941), and The Member of the Wedding (1946), are the best-known. The novella The Ballad of the Sad Cafe (1951) also depicts loneliness and the pain of unrequited love. She was an alumna of Yaddo in Saratoga, New York.The Heart Is a Lonely Hunter was filmed in 1968 with Alan Arkin in the lead role. Reflections in a Golden Eye was directed by John Huston (1967), starring Marlon Brando and Elizabeth Taylor. Some of the film was shot in New York City and on Long Island, where Huston was permitted to use an abandoned Army installation. Many of the interiors and some of the exteriors were done in Italy. ""I first met Carson McCullers during the war when I was visiting Paulette Goddard and Burgess Meredith in upstate New York,"" said Huston in An Open Book (1980). ""Carson lived nearby, and one day when Buzz and I were out for a walk she hailed us from her doorway. She was then in her early twenties, and had already suffered the first of a series of strokes. I remember her as a fragile thing with great shining eyes, and a tremor in her hand as she placed it in mine. It wasn't palsy, rather a quiver of animal timidity. But there was nothing timid or frail about the manner in which Carson McCullers faced life. And as her afflictions multiplied, she only grew stronger.""After lifelong health problems including severe alcoholism, McCullers died of brain hemorrhage. ","at the age of twenty-three, Reflections in a Golden Eye (1941)"
Alberto Manguel,https://images.gr-assets.com/authors/1227041892p5/3602.jpg,"Alberto Manguel (born 1948 in Buenos Aires) is an Argentine-born writer, translator, and editor. He is the author of numerous non-fiction books such as The Dictionary of Imaginary Places (co-written with Gianni Guadalupi in 1980) and A History of Reading (1996) The Library at Night (2007) and Homer's Iliad and Odyssey: A Biography (2008), and novels such as News From a Foreign Country Came (1991). Manguel believes in the central importance of the book in societies of the written word where, in recent times, the intellectual act has lost most of its prestige. Libraries (the reservoirs of collective memory) should be our essential symbol, not banks. Humans can be defined as reading animals, come into the world to decipher it and themselves.",with Gianni Guadalupi in 1980) and A History of Reading (1996)
Harry Graham,https://images.gr-assets.com/authors/1306440422p5/4021.jpg,"Harry Graham was the second son of Sir Henry Graham, KCB (1842–1930), Clerk of the Parliaments, and his first wife, Lady Edith Elizabeth Gathorne-Hardy, who died two weeks after Harry's birth. His elder brother Ronald was in the diplomatic service, becoming Ambassador to Italy from 1921 to 1933.Graham was educated at Eton and the Royal Military Academy Sandhurst and he joined the Coldstream Guards in 1893. From 1898 to 1901 and again between 1902 and 1904 he served as aide-de-camp to Lord Minto, the Governor-General of Canada. In the intervening year, he served in the Boer War, later publishing 'Ballads of the Boer War' in 1902.His first book 'Ruthless Rhymes for Heartless Homes', written and illustrated by himself, was published under the pseudonymn Col. D Streamer in 1899. The verses were described by 'The Times' in an editorial that compared him to Edward Lear, Lewis Carroll and W. S. Gilbert as ""that enchanted world where there are no values nor standards of conduct or feeling, and where the plainest sense is the plainest nonsense"".In 1900 he kept a journal of his trip with Minto across Canada to the Klondike Gold Rush in the Yukon. Called 'Across Canada to the Klondyke', he later presented the manuscript to Minto. It was published posthumously under that title in 1984. Graham retired from the army in 1904, and became private secretary to the former Prime Minister, Lord Rosebery, from 1904 to 1906.He was at one time engaged to American actress Ethel Barrymore but the engagement was broken off and he married Dorothy Villiers in 1910, and they had one daughter, Virginia Graham (1910–1993), who followed in her father's footsteps as a writer, contributing many articles to 'Punch'.After 'Ruthless Rhymes' he began writing seriously, beginning with 'Little Miss Nobody' in 1901 and his first published works all appeared during his military career. He became a full-time writer in 1906, then being known as a journalist and author of light verse, popular fiction and history, such as 'A Group of Scottish Women' (1908).In 1914 on the outbreak of World War I he rejoined the Coldstream Guards and served in France in the 40th and 5th divisions. During World War I he also wrote lyrics for English operettas and musical comedies, including 'Tina' (1915), 'Sybil' (1916), the 1917 hit operetta 'The Maid of the Mountains' and 'A Southern Maid' (1920), and English adaptations of European operettas such as 'Whirled into Happiness' (1922), 'Madame Pompadour' (1923), 'The Land of Smiles' (1931) and many others.Perhaps his best known lyrics were ""You are my heart's delight"", his English version of ""Dein ist mein ganzes Herz"", from 'The Land of Smiles', composed by Franz Lehár and made famous by the popular tenor Richard Tauber, and ""Goodbye"", from his English adaptation of 'The White Horse Inn' (1931). The song later achieved great popularity as sung by Josef Locke.He died of cancer, aged 61, in London in October 1936 and a memorial service was held at St Martin in the Fields. His work was said to have been an influence on one of England's greatest humourists, P. G. Wodehouse.Gerry WolstenholmeMay 2011","and illustrated by himself, was published under the pseudonymn Col. D Streamer in 1899. The verses were described by 'The Times' in an editorial that compared him to Edward Lear, Lewis Carroll and W. S. Gilbert as ""that enchanted world where there are no values nor standards of conduct or feeling, and where the plainest sense is the plainest nonsense"".In 1900 he kept a journal of his trip with Minto across Canada to the Klondike Gold Rush in the Yukon. Called 'Across Canada to the Klondyke', he later presented the manuscript to Minto. It was published posthumously under that title in 1984. Graham retired from the army in 1904, and became private secretary to the former Prime Minister, Lord Rosebery, from 1904 to 1906.He was at one time engaged to American actress Ethel Barrymore but the engagement was broken off and he married Dorothy Villiers in 1910, and they had one daughter, Virginia Graham (1910–1993), who followed in her father's footsteps as a writer, contributing many articles to 'Punch'.After 'Ruthless Rhymes' he began writing seriously, beginning with 'Little Miss Nobody' in 1901 and his first published works all appeared during his military career. He became a full-time writer in 1906, then being known as a journalist and author of light verse, popular fiction and history, such as 'A Group of Scottish Women' (1908)"
William Saroyan,https://images.gr-assets.com/authors/1207407131p5/4095.jpg,"William Saroyan was an American - Armenian author. The setting of many of his stories and plays was Fresno, California (sometimes under a fictional name), the center of Armenian-American life in California and where he grew up.Saroyan was born in Fresno, California to Armenian immigrants from Bitlis, Turkey. At the age of three, after his father's death, Saroyan was placed in the orphanage in Oakland, California, together with his brother and sister, an experience he later described in his writing. Five years later, the family reunited in Fresno, where his mother, Takoohi, secured work at a cannery. He continued his education on his own, supporting himself by taking odd jobs, such as working as an office manager for the San Francisco Telegraph Company.Saroyan decided to become a writer after his mother showed him some of his father's writings. A few of his early short articles were published in Overland Monthly. His first stories appeared in the 1930s. Among these was ""The Broken Wheel"", written under the name Sirak Goryan and published in the Armenian journal Hairenik in 1933. Many of Saroyan's stories were based on his childhood experiences among the Armenian-American fruit growers of the San Joaquin Valley, or dealt with the rootlessness of the immigrant. The short story collection My Name is Aram (1940), an international bestseller, was about a young boy and the colorful characters of his immigrant family. It has been translated into many languages.For more info see http://en.wikipedia.org/wiki/William_...","under the name Sirak Goryan and published in the Armenian journal Hairenik in 1933. Many of Saroyan's stories were based on his childhood experiences among the Armenian-American fruit growers of the San Joaquin Valley, or dealt with the rootlessness of the immigrant. The short story collection My Name is Aram (1940)"
Cormac McCarthy,https://images.gr-assets.com/authors/1611995562p5/4178.jpg,"Cormac McCarthy is an American novelist and playwright. He has written ten novels in the Southern Gothic, western, and post-apocalyptic genres and has also written plays and screenplays. He received the Pulitzer Prize in 2007 for The Road, and his 2005 novel No Country for Old Men was adapted as a 2007 film of the same name, which won four Academy Awards, including Best Picture. His earlier Blood Meridian (1985) was among Time Magazine's poll of 100 best English-language books published between 1925 and 2005 and he placed joint runner-up for a similar title in a poll taken in 2006 by The New York Times of the best American fiction published in the last 25 years. Literary critic Harold Bloom named him as one of the four major American novelists of his time, along with Thomas Pynchon, Don DeLillo, and Philip Roth. He is frequently compared by modern reviewers to William Faulkner. In 2009, Cormac McCarthy won the PEN/Saul Bellow Award, a lifetime achievement award given by the PEN American Center.","ten novels in the Southern Gothic, western, and post-apocalyptic genres and has also written plays and screenplays. He received the Pulitzer Prize in 2007 for The Road, and his 2005 novel No Country for Old Men was adapted as a 2007 film of the same name, which won four Academy Awards, including Best Picture. His earlier Blood Meridian (1985)"
Nora Kelly,https://images.gr-assets.com/authors/1284396264p5/4653.jpg,Nora Hickson Kelly was born in the United States in 1945. She grew up in Jersey and spent summers on Cape Cod. She now divides her time between Cambridge and Vancouver. She teaches part-time and is at work on her new novel. She had one son.She has written five crime novels featuring Gillian Adams.Series:* Gillian Adams MysteryAwards:Arthur Ellis Award◊ Best Novel (1999): Old Wounds,five crime novels featuring Gillian Adams.Series:* Gillian Adams MysteryAwards:Arthur Ellis Award◊ Best Novel (1999)
Amy Tan,https://images.gr-assets.com/authors/1437607346p5/5246.jpg,"Amy Tan (Chinese: 譚恩美; pinyin: Tán Ēnměi; born February 19, 1952) is an American writer whose works explore mother-daughter relationships and what it means to grow up as a first generation Asian American. In 1993, Tan's adaptation of her most popular fiction work, The Joy Luck Club, became a commercially successful film.She has written several other books, including The Kitchen God's Wife, The Hundred Secret Senses, and The Bonesetter's Daughter, and a collection of non-fiction essays entitled The Opposite of Fate: A Book of Musings. Her most recent book, Saving Fish From Drowning, explores the tribulations experienced by a group of people who disappear while on an art expedition into the jungles of Burma. In addition, Tan has written two children's books: The Moon Lady (1992) and Sagwa, The Chinese Siamese Cat (1994), which was turned into an animated series airing on PBS. She has also appeared on PBS in a short spot on encouraging children to write.Currently, she is the literary editor for West, Los Angeles Times' Sunday magazine.","several other books, including The Kitchen God's Wife, The Hundred Secret Senses, and The Bonesetter's Daughter, and a collection of non-fiction essays entitled The Opposite of Fate: A Book of Musings. Her most recent book, Saving Fish From Drowning, explores the tribulations experienced by a group of people who disappear while on an art expedition into the jungles of Burma. In addition, Tan has written two children's books: The Moon Lady (1992)"
Ian Edginton,https://images.gr-assets.com/authors/1479105636p5/5770.jpg,"Edginton sees part of the key to his success coming from good relationships with artists, especially D'Israeli and Steve Yeowell as well as Steve Pugh and Mike Collins. He is best known for his steampunk/alternative history work (often with the artist D'Israeli) and is the co-creator of Scarlet Traces, a sequel to their adaptation of H.G. Wells' The War of the Worlds. With 2000 AD we has written Leviathan, Stickleback and, with art by Steve Yeowell, The Red Seas as well as one-off serials such as American Gothic (2005).His stories often have a torturous gestation. Scarlet Traces was an idea he had when first reading The War of the Worlds, its first few instalments appeared on Cool Beans website, before being serialised in the Judge Dredd Megazine. Also The Red Seas was initially going to be drawn by Phil Winslade and be the final release by Epic but Winslade was still tied up with Goddess and when ideas for replacement artists were rejected Epic was finally wound up - the series only re-emerging when Edginton was pitching ideas to Matt Smith at the start of his 2000 AD career.With D'Israeli he has created a number of new series including Stickleback, a tale of a strange villain in an alternative Victorian London, and Gothic, which he describes as ""Mary Shelley's Doc Savage"". With Simon Davis he recently worked on a survival horror series, Stone Island, and he has also produced a comic version of the computer game Hellgate: London with Steve Pugh.He is currently working on a dinosaurs and cowboys story called Sixgun Logic. Also as part of Top Cow's Pilot Season he has written an Angelus one-shot.http://comicbookdb.com/creator.php?ID...http://en.wikipedia.org/wiki/Ian_Edgi...","Leviathan, Stickleback and, with art by Steve Yeowell, The Red Seas as well as one-off serials such as American Gothic (2005)"
Thomas Keneally,https://images.gr-assets.com/authors/1204666492p5/6900.jpg,"Thomas Michael Keneally, AO (born 7 October 1935) is an Australian novelist, playwright and author of non-fiction. He is best known for writing Schindler's Ark, the Booker Prize-winning novel of 1982, which was inspired by the efforts of Poldek Pfefferberg, a Holocaust survivor. The book would later be adapted to Steven Spielberg's Schindler's List (1993), which won the Academy Award for Best Picture.Often published under the name Tom Keneally in Australia.Life and Career:Born in Sydney, Keneally was educated at St Patrick's College, Strathfield, where a writing prize was named after him. He entered St Patrick's Seminary, Manly to train as a Catholic priest but left before his ordination. He worked as a Sydney schoolteacher before his success as a novelist, and he was a lecturer at the University of New England (1968–70). He has also written screenplays, memoirs and non-fiction books.Keneally was known as ""Mick"" until 1964 but began using the name Thomas when he started publishing, after advice from his publisher to use what was really his first name. He is most famous for his Schindler's Ark (1982) (later republished as Schindler's List), which won the Booker Prize and is the basis of the film Schindler's List (1993). Many of his novels are reworkings of historical material, although modern in their psychology and style.Keneally has also acted in a handful of films. He had a small role in The Chant of Jimmie Blacksmith (based on his novel) and played Father Marshall in the Fred Schepisi movie, The Devil's Playground (1976) (not to be confused with a similarly-titled documentary by Lucy Walker about the Amish rite of passage called rumspringa).In 1983, he was made an Officer of the Order of Australia (AO). He is an Australian Living Treasure.He is a strong advocate of the Australian republic, meaning the severing of all ties with the British monarchy, and published a book on the subject in Our Republic (1993). Several of his Republican essays appear on the web site of the Australian Republican Movement.Keneally is a keen supporter of rugby league football, in particular the Manly-Warringah Sea Eagles club of the NRL. He made an appearance in the rugby league drama film The Final Winter (2007).In March 2009, the Prime Minister of Australia, Kevin Rudd, gave an autographed copy of Keneally's Lincoln biography to President Barack Obama as a state gift.Most recently Thomas Keneally featured as a writer in the critically acclaimed Australian drama, Our Sunburnt Country.Thomas Keneally's nephew Ben is married to the former NSW Premier, Kristina Keneally.","screenplays, memoirs and non-fiction books.Keneally was known as ""Mick"" until 1964 but began using the name Thomas when he started publishing, after advice from his publisher to use what was really his first name. He is most famous for his Schindler's Ark (1982)"
James Axler,https://images.gr-assets.com/authors/1442439216p5/7168.jpg,"""James Axler"" was a house pseudonym used by Gold Eagle Books, the action adventure imprint of Harlequin Enterprises Ltd.The pseudonym was first used for the Deathlands series, which began in 1986 with Pilgrimage to Hell, created by Christopher Lowder (under the pseudonym Jack Adrian) and co-written with Laurence James who continued Deathlands until retiring from the series in 1995.At that point, prolific author and comics creator Mark Ellis took over the ""Axler"" pen name. Mark created the popular Death Hawk character and also developed/created Star Rangers, The Justice Machine, Ninja Elite and The Miskatonic Project as well as working on such popular properties as Doc Savage, The Man From U.N.C.L.E., H.P. Lovecraft's Cthulhu, The Avenger, The Green Hornet, The Saint and The Wild Wild West and King Solomon's Mines. Mark contributed novels to Gold Eagle's Deathlands and Mack Bolan The Executioner series. In 1996 he created the best-selling OUTLANDERS series. He has produced more books as ""James Axler"" than any other writer.With the cancellation of the Gold Eagle imprint at the end of 2015, OUTLANDERS ended its 18.5 year run, making it the most successful mass-market paperback series of the last 30 years.Mark has been featured in Starlog, Comics Scene and Fangoria magazines. He has also been interviewed by Robert Siegel for NPR's All Things Considered.His books include THE EVERYTHING GUIDE TO WRITING GRAPHIC NOVELS, CRYPTOZOICA, THE SPUR: LOKI'S ROCK, THE SPUR: HELLDORADO, THE FALCON RESURRECTED and NOSFERATU: PLAGUE OF TERROR.His most recent books are PARALLAX PRIME: OF DIRE CHIMERAS (2017), KNIGHTWATCH: INVICTUS X , DEATH HAWK THE COMPLETE SAGA (2019) and CALLSIGN CERBERUS: EXILE TO HELL (2020).He lives in rural Ireland with his wife, best-selling author Melissa Martin Ellis.","with Laurence James who continued Deathlands until retiring from the series in 1995.At that point, prolific author and comics creator Mark Ellis took over the ""Axler"" pen name. Mark created the popular Death Hawk character and also developed/created Star Rangers, The Justice Machine, Ninja Elite and The Miskatonic Project as well as working on such popular properties as Doc Savage, The Man From U.N.C.L.E., H.P. Lovecraft's Cthulhu, The Avenger, The Green Hornet, The Saint and The Wild Wild West and King Solomon's Mines. Mark contributed novels to Gold Eagle's Deathlands and Mack Bolan The Executioner series. In 1996 he created the best-selling OUTLANDERS series. He has produced more books as ""James Axler"" than any other writer.With the cancellation of the Gold Eagle imprint at the end of 2015, OUTLANDERS ended its 18.5 year run, making it the most successful mass-market paperback series of the last 30 years.Mark has been featured in Starlog, Comics Scene and Fangoria magazines. He has also been interviewed by Robert Siegel for NPR's All Things Considered.His books include THE EVERYTHING GUIDE TO WRITING GRAPHIC NOVELS, CRYPTOZOICA, THE SPUR: LOKI'S ROCK, THE SPUR: HELLDORADO, THE FALCON RESURRECTED and NOSFERATU: PLAGUE OF TERROR.His most recent books are PARALLAX PRIME: OF DIRE CHIMERAS (2017)"
Shirley Hazzard,https://images.gr-assets.com/authors/1418422924p5/7486.jpg,"Author of fiction and non-fiction. Born in Australia, Shirley Hazzard now holds citizenship in Great Britain and the United States.As a child she travelled the world due to her parents’ diplomatic postings and at 16, worked for the British Intelligence in Hong Kong, monitoring civil war in China. After this she lived in New Zealand, Europe, USA and Italy. In the USA she worked for the United Nations Secretariat in New York.Since leaving this post she has been a full-time writer and passionate opponent of the United Nations, the subject of her book Defeat of an Ideal: A Study of the Self-Destruction of the United Nations (1973). She has also written non-fiction books Countenance of Truth: the United Nations and the Waldheim Case (1990) about the Kurt Waldheim case, and Greene on Capri: A Memoir (2000) about her friend, Graham Greene. In 1985, Coming of Age in Australia was published, a collection of her Australian Broadcasting Corporation Boyer lectures.Hazzard’s writing is as elegant and controlled as ever and this, rather than the plot, dominates her work. Her works of fiction include five novels: The Evening of the Holiday (1966); People in Glass Houses (1967); The Bay of Noon (1970); The Transit of Venus (1980); and most recently, after a break of over 20 years, The Great Fire (2003). This book was shortlisted for the 2004 Man Booker Prize for Fiction and the 2005 International IMPAC Dublin Literary Award. Shirley Hazzard lives in New York.",non-fiction books Countenance of Truth: the United Nations and the Waldheim Case (1990)
Irwin Shaw,https://images.gr-assets.com/authors/1491654461p5/7735.jpg,"Shaw was born Irwin Gilbert Shamforoff in the South Bronx, New York City, to Russian Jewish immigrants. Shaw was a prolific American playwright, screenwriter, novelist, and short-story author whose written works have sold more than 14 million copies. He is best known for his novels, The Young Lions (1948) and Rich Man Poor Man (1970). His parents were Rose and Will. His younger brother, David Shaw (died 2007), became a noted Hollywood producer. Shortly after Irwin's birth, the Shamforoffs moved to Brooklyn. Irwin changed his surname upon entering college. He spent most of his youth in Brooklyn, where he graduated from Brooklyn College with a Bachelor of Arts degree in 1934. Shaw began screenwriting in 1935 at the age of 21, and scripted for several radio shows, including Dick Tracy, The Gumps and Studio One. Shaw's first play, Bury the Dead (1936) was an expressionist drama about a group of soldiers killed in a battle who refuse to be buried. During the 1940s, Shaw wrote for a number of films, including Talk of the Town (a comedy about civil liberties), The Commandos Strike at Dawn (based on a C.S. Forester story about commandos in occupied Norway) and Easy Living (about a football player unable to enter the game due to a medical condition). Shaw married Marian Edwards. They had one son, Adam Shaw, born in 1950, himself a writer of magazine articles and non-fiction.Shaw enlisted in the U.S. Army and was a warrant officer during World War II.He served with an Army documentary film unit. The Young Lions, Shaw's first novel, was published in 1949. Based on his experiences in Europe during the war, the novel was very successful and was adapted into a 1958 film. Shaw's second novel, The Troubled Air, chronicling the rise of McCarthyism, was published in 1951. He was among those who signed a petition asking the U.S. Supreme Court to review the John Howard Lawson and Dalton Trumbo convictions for contempt of Congress, resulting from hearings by the House Committee on Un-American Activities. Falsely accused of being a communist by the Red Channels publication, Shaw was placed on the Hollywood blacklist by the movie studio bosses. In 1951 he left the United States and went to Europe, where he lived for 25 years, mostly in Paris and Switzerland. He later claimed that the blacklist ""only glancingly bruised"" his career. During the 1950s he wrote several more screenplays, including Desire Under the Elms (based on Eugene O'Neill's play) and Fire Down Below (about a tramp boat in the Caribbean).While living in Europe, Shaw wrote more bestselling books, notably Lucy Crown (1956), Two Weeks in Another Town (1960), Rich Man, Poor Man (1970) (for which he would later write a less successful sequel entitled Beggarman, Thief) and Evening in Byzantium (made into a 1978 TV movie). Rich Man, Poor Man was adapted into a highly successful ABC television miniseries in 1976.His novel Top of the Hill, about the Winter Olympics at Lake Placid in 1980, was made into a TV movie, starring Wayne Rogers, Adrienne Barbeau, and Sonny Bono.His last two novels were Bread Upon the Waters (1981) and Acceptable Losses (1982).Shaw died in Davos, Switzerland on May 16, 1984, aged 71, after undergoing treatment for prostate cancer.","works have sold more than 14 million copies. He is best known for his novels, The Young Lions (1948)"
Boris Pasternak,https://images.gr-assets.com/authors/1422699346p5/7902.jpg,"Boris Leonidovich Pasternak was born in Moscow to talented artists: his father a painter and illustrator of Tolstoy's works, his mother a well-known concert pianist. Though his parents were both Jewish, they became Christianized, first as Russian Orthodox and later as Tolstoyan Christians. Pasternak's education began in a German Gymnasium in Moscow and was continued at the University of Moscow. Under the influence of the composer Scriabin, Pasternak took up the study of musical composition for six years from 1904 to 1910. By 1912 he had renounced music as his calling in life and went to the University of Marburg, Germany, to study philosophy. After four months there and a trip to Italy, he returned to Russia and decided to dedicate himself to literature.Pasternak's first books of verse went unnoticed. With My Sister Life, 1922, and Themes and Variations, 1923, the latter marked by an extreme, though sober style, Pasternak first gained a place as a leading poet among his Russian contemporaries. In 1924 he published Sublime Malady, which portrayed the 1905 revolt as he saw it, and The Childhood of Luvers, a lyrical and psychological depiction of a young girl on the threshold of womanhood. A collection of four short stories was published the following year under the title Aerial Ways. In 1927 Pasternak again returned to the revolution of 1905 as a subject for two long works: ""Lieutenant Schmidt"", a poem expressing threnodic sorrow for the fate of the Lieutenant, the leader of the mutiny at Sevastopol, and ""The Year 1905"", a powerful but diffuse poem which concentrates on the events related to the revolution of 1905. Pasternak's reticent autobiography, Safe Conduct, appeared in 1931, and was followed the next year by a collection of lyrics, Second Birth, 1932. In 1935 he published translations of some Georgian poets and subsequently translated the major dramas of Shakespeare, several of the works of Goethe, Schiller, Kleist, and Ben Jonson, and poems by Petöfi, Verlaine, Swinburne, Shelley, and others. In Early Trains, a collection of poems written since 1936, was published in 1943 and enlarged and reissued in 1945 as Wide Spaces of the Earth. In 1957 Doctor Zhivago, Pasternak's only novel - except for the earlier ""novel in verse"", Spektorsky (1926) - first appeared in an Italian translation and has been acclaimed by some critics as a successful attempt at combining lyrical-descriptive and epic-dramatic styles. Pasternak lived in Peredelkino, near Moscow, until his death in 1960.","since 1936, was published in 1943 and enlarged and reissued in 1945 as Wide Spaces of the Earth. In 1957 Doctor Zhivago, Pasternak's only novel - except for the earlier ""novel in verse"", Spektorsky (1926)"
William Hjortsberg,https://images.gr-assets.com/authors/1333048656p5/8058.jpg,"William Hjortsberg was an acclaimed author of novels and screenplays. Born in New York City, he attended college at Dartmouth and spent a year at the Yale School of Drama before leaving to become a writer. For the next few years he lived in the Caribbean and Europe, writing two unpublished novels, the second of which earned him a creative writing fellowship at Stanford University.When his fellowship ended in 1968, Hjortsberg was discouraged, still unpublished, and making ends meet as a grocery store stock boy. No longer believing he could make a living as a novelist, he began writing strictly for his own amusement. The result was Alp (1969), an absurd story of an Alpine skiing village which Hjortsberg’s friend Thomas McGuane called, “quite possibly the finest comic novel written in America.”In the 1970s, Hjortsberg wrote two science fiction works: Gray Matters (1971) and Symbiography (1973). The first, a novel about human brains kept alive by science, was inspired by an off-the-cuff remark Hjortsberg made at a cocktail party. The second, a post-apocalyptic tale of a man who creates dreams, was later published in condensed form in Penthouse.After publishing Toro! Toro! Toro! (1974), a comic jab at the macho world of bullfighting, Hjortsberg wrote his best-known novel, Falling Angel (1978). This hard-boiled detective story with an occult twist was adapted for the screen as Angel Heart (1987), starring Robert De Niro. Hjortsberg also wrote the screenplay for Legend (1986), a dark fairy tale directed by Ridley Scott. In addition to being nominated for an Edgar Award for Falling Angel, Hjortsberg has won two Playboy Editorial Awards, for which he beat out Graham Greene and Nobel Prize winner Gabriel García Márquez. His most recent work is Jubilee Hitchhiker (2012), a biography of author Richard Brautigan. Hjortsberg lives with his family in Montana.Learn more at: http://www.openroadmedia.com/authors/...","in America.”In the 1970s, Hjortsberg wrote two science fiction works: Gray Matters (1971)"
Clara Reeve,https://images.gr-assets.com/authors/1343057086p5/8136.jpg,"Reeve was born in Ipswich, England, one of the eight children of Reverend Willian Reeve, M.A., Rector of Freston and of Kreson in Suffolk, and perpetual curate of St Nicholas. Her mother's maiden name was Smithies, daughter of a Smithies, a goldsmith and jeweller to King George I. In a letter to one of her friends Reeve said the following of her father and her early life: My father was an old Whig; from him I have learned all that I know; he was my oracle; he used to make me read the Parliamentary debates, while he smoked his pipe after supper. I gaped and yawned over them at the time, but, unawares to myself, they fixed my principles once and for all. He made me read Rapin's History of England; the information it gave made amends for its dryness. I read Cato's Letters by Trenchard and Gordon; I read the Greek and Roman histories, and Plutarch's Lives: all these at an age when few people of either sex can read their names.After the death of her father, she lived with her mother and sisters in Colchester. It was here that she first became an author, publishing a translation of a work by Barclay under the title of The Phoenix (1772). She was the author of several novels, of which only one is remembered: The Champion of Virtue, later known as The Old English Baron (1777), written in imitation of, or rivalry with, the Castle of Otranto by Horace Walpole, 4th Earl of Orford, with which it has often been printed. The first edition under the title of The Old English Baron was dedicated to the daughter of Samuel Richardson, who is said to have helped Reeve revise and correct the novel.Her novel noticeably influenced Mary Shelley's Frankenstein. She also wrote the epistolatory novel The School for Widows (1791). Her innovative history of prose fiction, The Progress of Romance (1785), can be regarded generally as a precursor to modern histories of the novel and specifically as upholding the tradition of female literary history heralded by Elizabeth Rowe (1674–1737) and Susannah Dobson, d. 1795. One of the stories in this work, ""The History of Charoba, Queen of Egypt"", was the inspiration for Walter Savage Landor's first major work Gebir.Reeve led a retired life, leaving very little biographical material. She died at Ipswitch, and was buried by her own direction in the churchyard of St. Stephens, next to her friend the Reverend Derby.","in imitation of, or rivalry with, the Castle of Otranto by Horace Walpole, 4th Earl of Orford, with which it has often been printed. The first edition under the title of The Old English Baron was dedicated to the daughter of Samuel Richardson, who is said to have helped Reeve revise and correct the novel.Her novel noticeably influenced Mary Shelley's Frankenstein. She also wrote the epistolatory novel The School for Widows (1791)"
Penny Junor,https://images.gr-assets.com/authors/1380639165p5/8211.jpg,"Born in Leatherhead, Surrey, Junor was educated at the independent Benenden School in Kent and read History at St Andrews University, but left in her second year to get married.Junor has worked for the Evening Standard and a column for Private Eye lasted five years. Best known for her books on the British Royal Family, she has written biographies of Diana, Princess of Wales (1982) and Charles, Prince of Wales (1987 and 1998), and Charles and Diana: Portrait of a Marriage (1991). The Firm: The Troubled Life of the House of Windsor followed in 2005. Her work on the Waleses ""alienated"" both of them and she reportedly considers the experience the worst of her career. She has also written and had published a book titled Prince William: The Man Who Will Be King. This biography of Prince William ends with his marriage to Kate Middleton, now Duchess of Cambridge. Junor's other books include works on Margaret Thatcher (1983), actor Richard Burton (1986), John Major (1993) and Wonderful Tonight: George Harrison, Eric Clapton, and Me (2007), the co-authored memoir of Pattie Boyd a former wife of both musicians. Junor assisted Sir Cliff Richard in writing the number one best selling My Life, My Way which sold over 250,000 copies (2008) and Shaun Ellis with his book The Man Who Lives with Wolves (2009).","biographies of Diana, Princess of Wales (1982); and had published a book titled Prince William: The Man Who Will Be King. This biography of Prince William ends with his marriage to Kate Middleton, now Duchess of Cambridge. Junor's other books include works on Margaret Thatcher (1983)"
Hugh B. Cave,https://images.gr-assets.com/authors/1288993349p5/8637.jpg,"Hugh Barnett Cave was a prolific writer of pulp fiction who also excelled in other genres.Sources differ as to when Cave sold his first story: some say it was while he still attended Brookline High School, others cite ""Island Ordeal"", written at age 19 in 1929 while still working for the vanity press.In his early career he contributed to such pulp magazines as Astounding, Black Mask, and Weird Tales. By his own estimate, in the 1930s alone, he published roughly 800 short stories in nearly 100 periodicals under a number of pseudonyms. Of particular interest during this time was his series featuring an independent gentleman of courageous action and questionable morals called simply The Eel. These adventures appeared in the late 1930s and early 40s under the pen name Justin Case. Cave was also one of the most successful contributors to the weird menace or ""shudder pulps"" of the 1930s.In 1943, drawing on his experience as a war reporter, he authored one of his most highly regarded novels, Long Were the Nights, telling of the first PT boats at Guadalcanal. He also wrote a number of other books on the war in the Pacific during this period.During his post-war sojourn in Haiti, he became so familiar with the religion of Voodoo that he published Haiti: High Road to Adventure, a nonfiction work critically acclaimed as the ""best report on voodoo in English."" His Caribbean experiences led to his best-selling Voodoo-themed novel, The Cross On The Drum (1959), an interracial story in which a white Christian missionary falls in love with a black Voodoo priest's sister.During this midpoint in his career Cave advanced his writing to the ""slick"" magazines, including Collier's, Family Circle, Ladies' Home Journal, Redbook, and the Saturday Evening Post. It was in this latter publication, in 1959, that ""The Mission,"" his most popular short story, appeared—subsequently issued in hardcover by Doubleday, reprinted in textbooks, and translated into a number of languages.But his career took a dip in the early 1970s. According to The Guardian, with the golden era of pulp fiction now in the past, Cave's ""only regular market was writing romance for women's magazines."" He was rediscovered, however, by Karl Edward Wagner, who published Murgunstrumm and Others, a horror story collection that won Cave the 1978 World Fantasy Award. Other collections followed and Cave also published new horror fiction.His later career included the publication in the late 1970s and early 1980s of four successful fantasy novels: Legion of the Dead (1979), The Nebulon Horror (1980), The Evil (1981), and Shades of Evil (1982). Two other notable late works are Lucifer's Eye (1991) and The Mountains of Madness (2004). Moreover, Cave took naturally to the Internet, championing the e-book to such an extent that electronic versions of his stories can readily be purchased online.Over his entire career he wrote more than 1,000 short stories in nearly all genres (though he is best remembered for his horror and crime pieces), approximately forty novels, and a notable body of nonfiction. He received the Phoenix Award as well as lifetime achievement awards from the International Horror Guild, the Horror Writers Association, and the World Fantasy Convention. (From Wikipedia.)Used the pseudonyms John Starr and Justin Case","at age 19 in 1929 while still working for the vanity press.In his early career he contributed to such pulp magazines as Astounding, Black Mask, and Weird Tales. By his own estimate, in the 1930s alone, he published roughly 800 short stories in nearly 100 periodicals under a number of pseudonyms. Of particular interest during this time was his series featuring an independent gentleman of courageous action and questionable morals called simply The Eel. These adventures appeared in the late 1930s and early 40s under the pen name Justin Case. Cave was also one of the most successful contributors to the weird menace or ""shudder pulps"" of the 1930s.In 1943, drawing on his experience as a war reporter, he authored one of his most highly regarded novels, Long Were the Nights, telling of the first PT boats at Guadalcanal. He also wrote a number of other books on the war in the Pacific during this period.During his post-war sojourn in Haiti, he became so familiar with the religion of Voodoo that he published Haiti: High Road to Adventure, a nonfiction work critically acclaimed as the ""best report on voodoo in English."" His Caribbean experiences led to his best-selling Voodoo-themed novel, The Cross On The Drum (1959)"
Richard Matheson,https://images.gr-assets.com/authors/1200467797p5/8726.jpg,"Born in Allendale, New Jersey to Norwegian immigrant parents, Matheson was raised in Brooklyn and graduated from Brooklyn Technical High School in 1943. He then entered the military and spent World War II as an infantry soldier. In 1949 he earned his bachelor's degree in journalism from the University of Missouri and moved to California in 1951. He married in 1952 and has four children, three of whom (Chris, Richard Christian, and Ali Matheson) are writers of fiction and screenplays.His first short story, ""Born of Man and Woman,"" appeared in the Magazine of Fantasy and Science Fiction in 1950. The tale of a monstrous child chained in its parents' cellar, it was told in the first person as the creature's diary (in poignantly non-idiomatic English) and immediately made Matheson famous. Between 1950 and 1971, Matheson produced dozens of stories, frequently blending elements of the science fiction, horror and fantasy genres.Several of his stories, like ""Third from the Sun"" (1950), ""Deadline"" (1959) and ""Button, Button"" (1970) are simple sketches with twist endings; others, like ""Trespass"" (1953), ""Being"" (1954) and ""Mute"" (1962) explore their characters' dilemmas over twenty or thirty pages. Some tales, such as ""The Funeral"" (1955) and ""The Doll that Does Everything"" (1954) incorporate zany satirical humour at the expense of genre clichés, and are written in an hysterically overblown prose very different from Matheson's usual pared-down style. Others, like ""The Test"" (1954) and ""Steel"" (1956), portray the moral and physical struggles of ordinary people, rather than the then nearly ubiquitous scientists and superheroes, in situations which are at once futuristic and everyday. Still others, such as ""Mad House"" (1953), ""The Curious Child"" (1954) and perhaps most famously, ""Duel"" (1971) are tales of paranoia, in which the everyday environment of the present day becomes inexplicably alien or threatening.He wrote a number of episodes for the American TV series The Twilight Zone, including ""Steel,"" mentioned above and the famous ""Nightmare at 20,000 Feet""; adapted the works of Edgar Allan Poe for Roger Corman and Dennis Wheatley's The Devil Rides Out for Hammer Films; and scripted Steven Spielberg's first feature, the TV movie Duel, from his own short story. He also contributed a number of scripts to the Warner Brothers western series ""The Lawman"" between 1958 and 1962. In 1973, Matheson earned an Edgar Award from the Mystery Writers of America for his teleplay for The Night Stalker, one of two TV movies written by Matheson that preceded the series Kolchak: The Night Stalker. Matheson also wrote the screenplay for Fanatic (US title: Die! Die! My Darling!) starring Talullah Bankhead and Stefanie Powers.Novels include The Shrinking Man (filmed as The Incredible Shrinking Man, again from Matheson's own screenplay), and a science fiction vampire novel, I Am Legend, which has been filmed three times under the titles The Omega Man and The Last Man on Earth and once under the original title. Other Matheson novels turned into notable films include What Dreams May Come, Stir of Echoes, Bid Time Return (as Somewhere in Time), and Hell House (as The Legend of Hell House) and the aforementioned Duel, the last three adapted and scripted by Matheson himself. Three of his short stories were filmed together as Trilogy of Terror, including ""Prey"" with its famous Zuni warrior doll.In 1960, Matheson published The Beardless Warriors, a nonfantastic, autobiographical novel about teenage American soldiers in World War II.He died at his home on June 23, 2013, at the age of 87http://us.macmillan.com/author/richar...","in an hysterically overblown prose very different from Matheson's usual pared-down style. Others, like ""The Test"" (1954)"
Rick Geary,https://images.gr-assets.com/authors/1357614722p5/8998.jpg,"RICK GEARY was born in 1946 in Kansas City, Missouri and grew up in Wichita,Kansas. He graduated from the University of Kansas in Lawrence, where his first cartoons were published in the University Daily Kansan. He worked as staff artist for two weekly papers in Wichita before moving to San Diego in 1975.He began work in comics in 1977 and was for thirteen years a contributor to the Funny Pages of National Lampoon. His comic stories have also been published in Heavy Metal, Dark Horse Comics and the DC Comics/Paradox Press Big Books. His early comic work has been collected in Housebound with Rick Geary from Fantagraphics Books.During a four-year stay in New York, his illustrations appeared regularly in The New York Times Book Review. His illustration work has also been seen in MAD, Spy, Rolling Stone, The Los Angeles Times, The Old Farmer’s Almanac, and American Libraries.He has written and illustrated three children’s books based on The Mask for Dark Horse and two Spider-Man children's books for Marvel. His children’s comic “Society of Horrors” ran in Disney Adventures magazine. He was the artist for the new series of GUMBY Comics, written by Bob Burden, for which they received the 2007 Eisner Comic Industry Award for Best Publication for a Younger Audience.His graphic novels include three adaptations for the Classics Illustrated, and the nine-volume series A Treasury of Victorian Murder for NBM Publishing. The new series A Treasury of 20th Century Murder began in 2008 with “The Lindbergh Child.” His other historically-based graphic novels include Cravan, written with Mike Richardson, and J. Edgar Hoover: A Graphic Biography.Rick has received the Inkpot Award from the San Diego Comic Convention (1980) and the Book and Magazine Illustration Award from the National Cartoonists Society (1994).He and his wife Deborah can be found every year at their table at San Diego’s Comic Con International. In 2007, they moved to the town of Carrizozo, New Mexico.(from http://www.rickgeary.com/bio.html)","and illustrated three children’s books based on The Mask for Dark Horse and two Spider-Man children's books for Marvel. His children’s comic “Society of Horrors” ran in Disney Adventures magazine. He was the artist for the new series of GUMBY Comics, written by Bob Burden, for which they received the 2007 Eisner Comic Industry Award for Best Publication for a Younger Audience.His graphic novels include three adaptations for the Classics Illustrated, and the nine-volume series A Treasury of Victorian Murder for NBM Publishing. The new series A Treasury of 20th Century Murder began in 2008 with “The Lindbergh Child.” His other historically-based graphic novels include Cravan, written with Mike Richardson, and J. Edgar Hoover: A Graphic Biography.Rick has received the Inkpot Award from the San Diego Comic Convention (1980)"
Jerome Karabel,https://images.gr-assets.com/authors/1288777033p5/9234.jpg,"Jerome Karabel (born 1950) is an American sociologist, political and social commentator, and Professor of Sociology at the University of California at Berkeley. He has written extensively on American institutions of higher education and on various aspects of social policy and history in the United States, often from a comparative perspective.Karabel is the author of The Chosen: The Hidden History of Admission and Exclusion at Harvard, Yale, and Princeton (2005), which received the Distinguished Scholarly Book Award from the American Sociological Association. He is also co-author (with Steven Brint) of The Diverted Dream: Community Colleges and the Promise of Educational Opportunity in America, 1900-1985 (1989), which received the Outstanding Book Award from the American Educational Research Association. His research in the sociology of education explores notions of meritocracy, opportunity, access, and cultural capital in American higher education, and the role of the educational system in legitimating the existing social order.In The Chosen, Karabel chronicles the admissions policies of Harvard, Yale, and Princeton over the course of the twentieth century, describing how new admissions criteria—including letters of recommendation, athletic and extracurricular achievements, and interviews, in addition to a student’s academic credentials—were first introduced in the 1920s in an effort to limit the number of Jewish students. Such starkly redefined measures of “merit” were institutionalized at these and other elite institutions over time, even as these schools later adapted such admission policies in response to growing demands for greater democratization and diversity during the mid and latter half of the twentieth century.Karabel’s articles have been published in the American Sociological Review, Harvard Education Review, Theory and Society, Social Forces, and Politics and Society among others. He is also a contributor to publications such as The New York Times, The Huffington Post, The New York Review of Books, The Nation, The Los Angeles Times, and Le Monde Diplomatique.Karabel holds a BA (1972) and Ph.D. (1977) from Harvard University, and also conducted postgraduate studies at Nuffield College at Oxford University in England and at the Ecole des Hautes Etudes in Paris, France. He has been a recipient of grants from the National Science Foundation, the National Institute of Education, and the Ford Foundation. In 2009-2010, Karabel was a Fellow at the Woodrow Wilson International Center for Scholars in Washington DC, where he was working on a project entitled “American Exceptionalism, Social Well-Being, and the Quality of Life in the United States"".","extensively on American institutions of higher education and on various aspects of social policy and history in the United States, often from a comparative perspective.Karabel is the author of The Chosen: The Hidden History of Admission and Exclusion at Harvard, Yale, and Princeton (2005)"
Louise Erdrich,https://images.gr-assets.com/authors/1462224430p5/9388.jpg,"Karen Louise Erdrich is a American author of novels, poetry, and children's books. Her father is German American and mother is half Ojibwe and half French American. She is an enrolled member of the Anishinaabe nation (also known as Chippewa). She is widely acclaimed as one of the most significant Native writers of the second wave of what critic Kenneth Lincoln has called the Native American Renaissance.For more information, please see http://www.answers.com/topic/louise-e...From a book description:Author Biography: Louise Erdrich is one of the most gifted, prolific, and challenging of contemporary Native American novelists. Born in 1954 in Little Falls, Minnesota, she grew up mostly in Wahpeton, North Dakota, where her parents taught at Bureau of Indian Affairs schools. Her fiction reflects aspects of her mixed heritage: German through her father, and French and Ojibwa through her mother. She worked at various jobs, such as hoeing sugar beets, farm work, waitressing, short order cooking, lifeguarding, and construction work, before becoming a writer. She attended the Johns Hopkins creative writing program and received fellowships at the McDowell Colony and the Yaddo Colony. After she was named writer-in-residence at Dartmouth, she married professor Michael Dorris and raised several children, some of them adopted. She and Michael became a picture-book husband-and-wife writing team, though they wrote only one truly collaborative novel, The Crown of Columbus (1991).The Antelope Wife was published in 1998, not long after her separation from Michael and his subsequent suicide. Some reviewers believed they saw in The Antelope Wife the anguish Erdrich must have felt as her marriage crumbled, but she has stated that she is unconscious of having mirrored any real-life events.She is the author of four previous bestselling andaward-winning novels, including Love Medicine; The Beet Queen; Tracks; and The Bingo Palace. She also has written two collections of poetry, Jacklight, and Baptism of Desire. Her fiction has been honored by the National Book Critics Circle (1984) and The Los Angeles Times (1985), and has been translated into fourteen languages. Several of her short stories have been selected for O. Henry awards and for inclusion in the annual Best American Short Story anthologies. The Blue Jay's Dance, a memoir of motherhood, was her first nonfiction work, and her children's book, Grandmother's Pigeon, has been published by Hyperion Press. She lives in Minnesota with her children, who help her run a small independent bookstore called The Birchbark.","two collections of poetry, Jacklight, and Baptism of Desire. Her fiction has been honored by the National Book Critics Circle (1984)"
Georges Simenon,https://images.gr-assets.com/authors/1359880468p5/9693.jpg,"Simenon was one of the most prolific writers of the twentieth century, capable of writing 60 to 80 pages per day. His oeuvre includes nearly 200 novels, over 150 novellas, several autobiographical works, numerous articles, and scores of pulp novels written under more than two dozen pseudonyms. Altogether, about 550 million copies of his works have been printed.He is best known, however, for his 75 novels and 28 short stories featuring Commissaire Maigret. The first novel in the series, Pietr-le-Letton, appeared in 1931; the last one, Maigret et M. Charles, was published in 1972. The Maigret novels were translated into all major languages and several of them were turned into films and radio plays. Two television series (1960-63 and 1992-93) have been made in Great Britain.During his ""American"" period, Simenon reached the height of his creative powers, and several novels of those years were inspired by the context in which they were written (Trois chambres à Manhattan (1946), Maigret à New York (1947), Maigret se fâche (1947)).Simenon also wrote a large number of ""psychological novels"", such as La neige était sale (1948) or Le fils (1957), as well as several autobiographical works, in particular Je me souviens (1945), Pedigree (1948), Mémoires intimes (1981).In 1966, Simenon was given the MWA's highest honor, the Grand Master Award.In 2005 he was nominated for the title of De Grootste Belg (The Greatest Belgian). In the Flemish version he ended 77th place. In the Walloon version he ended 10th place.","under more than two dozen pseudonyms. Altogether, about 550 million copies of his works have been printed.He is best known, however, for his 75 novels and 28 short stories featuring Commissaire Maigret. The first novel in the series, Pietr-le-Letton, appeared in 1931; the last one, Maigret et M. Charles, was published in 1972. The Maigret novels were translated into all major languages and several of them were turned into films and radio plays. Two television series (1960-63 and 1992-93) have been made in Great Britain.During his ""American"" period, Simenon reached the height of his creative powers, and several novels of those years were inspired by the context in which they were written (Trois chambres à Manhattan (1946)"
Barbara Haworth-Attard,https://images.gr-assets.com/authors/1284566346p5/9806.jpg,"Barbara Haworth-Attard is a native of Elmira, Ontario, presently residing in London, Ontario with her family. June 1995 saw the publication of her first junior novel, Dark of the Moon. Since then she has written twelve novels in the historical fiction, fantasy and contemporary genres for middle-grade and young adult readers. Her thirteenth book, ""Forget-Me-Not"" a sequel to ""Love-Lies-Bleeding"" has been out since this Fall 2005 from HarperCollins Canada. Henry Holt and Company released the US edition of ""Theories of Relativity"" in 2006. This book has also been sold to Editions Thierry Magnier of France. Awards:Arthur Ellis Award◊ Best Juvenile (2010): Haunted","twelve novels in the historical fiction, fantasy and contemporary genres for middle-grade and young adult readers. Her thirteenth book, ""Forget-Me-Not"" a sequel to ""Love-Lies-Bleeding"" has been out since this Fall 2005 from HarperCollins Canada. Henry Holt and Company released the US edition of ""Theories of Relativity"" in 2006. This book has also been sold to Editions Thierry Magnier of France. Awards:Arthur Ellis Award◊ Best Juvenile (2010)"
John Milton,https://images.gr-assets.com/authors/1438861655p5/9876.jpg,"John Milton was an English poet, polemicist, man of letters, and a civil servant for the Commonwealth of England under Oliver Cromwell. He wrote at a time of religious flux and political upheaval, and is best known for his epic poem Paradise Lost (1667), written in blank verse.Milton's poetry and prose reflect deep personal convictions, a passion for freedom and self-determination, and the urgent issues and political turbulence of his day. Writing in English, Latin, Greek, and Italian, he achieved international renown within his lifetime, and his celebrated Areopagitica (1644)—written in condemnation of pre-publication censorship—is among history's most influential and impassioned defenses of free speech and freedom of the press.William Hayley's 1796 biography called him the ""greatest English author,"" and he remains generally regarded ""as one of the preeminent writers in the English language,"" though critical reception has oscillated in the centuries since his death (often on account of his republicanism). Samuel Johnson praised Paradise Lost as ""a poem which...with respect to design may claim the first place, and with respect to performance, the second, among the productions of the human mind,"" though he (a Tory and recipient of royal patronage) described Milton's politics as those of an ""acrimonious and surly republican"".Because of his republicanism, Milton has been the subject of centuries of British partisanship.","in blank verse.Milton's poetry and prose reflect deep personal convictions, a passion for freedom and self-determination, and the urgent issues and political turbulence of his day. Writing in English, Latin, Greek, and Italian, he achieved international renown within his lifetime, and his celebrated Areopagitica (1644)"
Steven Shapin,https://images.gr-assets.com/authors/1482508774p5/10128.jpg,"Shapin was trained as a biologist at Reed College and did graduate work in genetics at the University of Wisconsin before taking a Ph.D. in the History and Sociology of Science at the University of Pennsylvania in 1971.From 1972 to 1989, he was Lecturer, then Reader, at the Science Studies Unit, Edinburgh University, and, from 1989 to 2003, Professor of Sociology at the University of California, San Diego, before taking up an appointment at the Department of the History of Science at Harvard. He has taught for brief periods at Columbia University, Tel-Aviv University, and at the University of Gastronomic Sciences in Pollenzo, Italy. In 2012, he was the S. T. Lee Visiting Professorial Fellow, School of Advanced Study, University of London.He has written broadly on the history and sociology of science. Among his concerns are scientists, their ethical choices, and the basis of scientific credibility. He revisioned the role of experiment by examining where experiments took place and who performed them. He is credited with restructuring the field's approach to “big issues” in science such as truth, trust, scientific identity, and moral authority.""The practice of science, both conceptually and instrumentally, is seen to be full of social assumptions. Crucial to their work is the idea that science is based on the public's faith in it. This is why it is important to keep explaining how sound knowledge is generated, how the process works, who takes part in the process and how.""His books on 17th-century science include the ""classic book"" Leviathan and the Air-Pump: Hobbes, Boyle, and the Experimental Life (1985, with Simon Schaffer); his ""path-breaking book"" A Social History of Truth (1994), The Scientific Revolution (1996, now translated into 18 languages), and, on modern entrepreneurial science, The Scientific Life (2008). A collection of his essays is Never Pure (2010). His current research interests include the history of dietetics and the history and sociology of taste and subjective judgment, especially in relation to food and wine.He is a regular contributor to the London Review of Books and he has written for Harper's Magazine and The New Yorker.","broadly on the history and sociology of science. Among his concerns are scientists, their ethical choices, and the basis of scientific credibility. He revisioned the role of experiment by examining where experiments took place and who performed them. He is credited with restructuring the field's approach to “big issues” in science such as truth, trust, scientific identity, and moral authority.""The practice of science, both conceptually and instrumentally, is seen to be full of social assumptions. Crucial to their work is the idea that science is based on the public's faith in it. This is why it is important to keep explaining how sound knowledge is generated, how the process works, who takes part in the process and how.""His books on 17th-century science include the ""classic book"" Leviathan and the Air-Pump: Hobbes, Boyle, and the Experimental Life (1985, with Simon Schaffer); his ""path-breaking book"" A Social History of Truth (1994)"
Mike Mignola,https://images.gr-assets.com/authors/1548964535p5/10182.jpg,"Mike Mignola was born September 16, 1960 in Berkeley, California and grew up in nearby Oakland. His fascination with ghosts and monsters began at an early age (he doesn't remember why) and reading Dracula at age 13 introduced him to Victorian literature and folklore from which he has never recovered.In 1982, hoping to find a way to draw monsters for a living, he moved to New York City and began working for Marvel Comics, first as a (very terrible) inker and then as an artist on comics like Rocket Raccoon, Alpha Flight and The Hulk. By the late 80s he had begun to develop his signature style (thin lines, clunky shapes and lots of black) and moved onto higher profile commercial projects like Cosmic Odyssey (1988) and Gotham by Gaslight (1989) for DC Comics, and the not-so-commercial Fafhrd and the Grey Mouser (1990) for Marvel. In 1992, he drew the comic book adaptation of the film Bram Stoker's Dracula for Topps Comics.In 1993, Mike moved to Dark Horse comics and created Hellboy, a half-demon occult detective who may or may not be the Beast of the Apocalypse. While the first story line (Seed of Destruction, 1994) was co-written by John Byrne, Mike has continued writing the series himself. There are, at this moment, 13 Hellboy graphic novel collections (with more on the way), several spin-off titles (B.P.R.D., Lobster Johnson, Abe Sapien and Witchfinder), three anthologies of prose stories, several novels, two animated films and two live-action films staring Ron Perlman. Hellboy has earned numerous comic industry awards and is published in a great many countries.Mike also created the award-winning comic book The Amazing Screw-on Head and has co-written two novels (Baltimore, or, the Steadfast Tin Soldier and the Vampire and Joe Golem and the Drowning City) with best-selling author Christopher Golden.Mike worked (very briefly) with Francis Ford Coppola on his film Bram Stoker's Dracula (1992), was a production designer on the Disney film Atlantis: The Lost Empire (2001) and was visual consultant to director Guillermo del Toro on Blade II (2002), Hellboy (2004) and Hellboy II: The Golden Army (2008). He lives somewhere in Southern California with his wife, daughter, a lot of books and a cat.","by John Byrne, Mike has continued writing the series himself. There are, at this moment, 13 Hellboy graphic novel collections (with more on the way), several spin-off titles (B.P.R.D., Lobster Johnson, Abe Sapien and Witchfinder), three anthologies of prose stories, several novels, two animated films and two live-action films staring Ron Perlman. Hellboy has earned numerous comic industry awards and is published in a great many countries.Mike also created the award-winning comic book The Amazing Screw-on Head and has co-written two novels (Baltimore, or, the Steadfast Tin Soldier and the Vampire and Joe Golem and the Drowning City) with best-selling author Christopher Golden.Mike worked (very briefly) with Francis Ford Coppola on his film Bram Stoker's Dracula (1992)"
Christopher Isherwood,https://images.gr-assets.com/authors/1366029450p5/10229.jpg,"Christopher Isherwood was a novelist, playwright, screen-writer, autobiographer, and diarist. He was also homosexual and made this a theme of some of his writing. He was born near Manchester in the north of England in 1904, became a U.S. citizen in 1946, and died at home in Santa Monica, California in January 1986.Isherwood was the grandson and heir of a country squire, and his boyhood was privileged. With a school friend, Wystan Auden, he wrote three plays—The Dog Beneath the Skin (1932), The Ascent of F6 (1936), and On the Frontier (1938). Isherwood tells the story in his first autobiography, Lions and Shadows.In 1925, Isherwood was asked to leave Cambridge University after writing joke answers on his second-year exams. He briefly attended medical school, and progressed with his first two novels, All the Conspirators (1928) and The Memorial (1932). In 1930, he moved to Berlin where he taught English, dabbled in communism, and enthusiastically explored his homosexuality. His experiences there, provided the material for Mr. Norris Changes Trains (1935) and Goodbye to Berlin (1938), still his most famous book.In Berlin in 1932, he also began an important relationship with a young German, Heinz Neddermeyer, with whom he fled the Nazis in 1933. Neddermeyer was refused entry to England on his second visit in 1934, and the pair moved restlessly about Europe until they were finally separated when Neddermeyer was arrested by the Gestapo in May 1937.In 1938, Isherwood sailed with Auden to China to write Journey to a War (1939), about the Sino-Japanese conflict. They returned to England and Isherwood went on to Hollywood to look for movie-writing work. He also became a disciple of the Ramakrishna monk, Swami Prabhavananda, head of the Vedanta Society of Southern California. He decided not to take monastic vows, but he remained a Hindu for the rest of his life, serving, praying, and lecturing in the temple every week and writing a biography, Ramakrishna and His Disciples (1965).In 1945, Isherwood published Prater Violet, fictionalizing his first movie writing job in London in 1933-1934. In Hollywood, he spent the start of the 1950s fighting his way free of a destructive five-year affair with an attractive and undisciplined American photographer, William Caskey. Caskey took the photographs for Isherwood’s travel book about South America, The Condor and The Cows (1947). Isherwood’s sixth novel, The World in the Evening (1954), written mostly during this period, was less successful than earlier ones.In 1953, he fell in love with Don Bachardy, an eighteen-year-old college student born and raised in Los Angeles. They were to remain together until Isherwood’s death. In 1961, Isherwood and completed the final revisions to his new novel Down There on a Visit (1962). Their relationship nearly ended in 1963, and Isherwood moved out of their Santa Monica house. This dark period underpins Isherwood’s masterpiece A Single Man (1964).Isherwood wrote another novel, A Meeting by the River (1967), about two brothers, but he gave up writing fiction and turned entirely to autobiography. In Kathleen and Frank (1971), he drew on the letters and diaries of his parents. In Christopher and His Kind (1976), he returned to the 1930s to tell, as a publicly avowed homosexual, the real story of his life in Berlin and his wanderings with Heinz Neddermeyer. The book made him a hero of gay liberation and a national celebrity all over again but now in his true, political and personal identity. His last book, My Guru and His Disciple (1980), records with similar honesty his conversion to Hinduism and his devotion to Swami Prabhavananda.http://www.isherwoodfoundation.org/bi...","mostly during this period, was less successful than earlier ones.In 1953, he fell in love with Don Bachardy, an eighteen-year-old college student born and raised in Los Angeles. They were to remain together until Isherwood’s death. In 1961, Isherwood and completed the final revisions to his new novel Down There on a Visit (1962)"
Daniel Quinn,https://images.gr-assets.com/authors/1486528921p5/10330.jpg,"I had and did the usual things -- childhood, schools, universities (St. Louis, Vienna, Loyola of Chicago), then embarked on a career in publishing in Chicago. Within a few years I was the head of the Biography &amp; Fine Arts Department of the American Peoples Encyclopedia; when that was subsumed by a larger outfit and moved to New York, I stayed behind and moved into educational publishing, beginning at Science Research Associates (a division of IBM) and ending as Editorial Director of The Society for Vision Education (a division of the Singer Corporation).In 1977 I walked away from SVE and this very successful career when it became clear that I was not going to able to do there what I really wanted to do...which was not entirely clear. A few months later I set my feet on a path that would change my life completely. It was a path made up of books -- or rather versions of a book that, after twelve years, would turn out to be ISHMAEL.The first version, written in 1977-78, called MAN AND ALIEN, didn't turn out to be quite what I wanted, so wrote a second, called THE GENESIS TRANSCRIPT. Like the first version, this didn't satisfy me, so I wrote a third with the same title. THE BOOK OF NAHASH, abandoned unfinished, was the fourth version.When I started writing version five, THE BOOK OF THE DAMNED in 1981, I was sure I'd found the book I was born to write. The versions that came before had been like rainy days with moments of sunshine. THIS was a thunderstorm, and the lines crossed my pages like flashes of lightning. When, after a few thousand words I came to a clear climax, I said, ""This MUST be seen,"" so I put Part One into print. Parts Two and Three followed, and I began searching for the switch that would turn on Part Four... but it just wasn't there. What I'd done was terrific -- and complete in its own way -- but at last I faced the fact that the whole thing just couldn't be done in lightning strikes.And so, on to versions six and seven (both called ANOTHER STORY TO BE IN). I knew I was close, and version eight was it -- the first and only version to be a novel and the first and only version inhabited by a telepathic gorilla named Ishmael.ISHMAEL was a life-changing book. It began by winning the Turner Tomorrow Award, the largest prize ever given to a single literary work. It would come to be read in some 25 languages and used in classrooms from mid-school to graduate school in courses as varied as history philosophy, geography, archaeology, religion, biology, zoology, ecology, anthropology, political science, economics, and sociology.But in 1992, when ISHMAEL was published, I had no idea what I might do next. My readers decided this for me. In letters that arrived by the bushel they demanded to know where this strange book came from, what ""made"" me write it. To answer these questions I wrote PROVIDENCE: THE STORY OF A FIFTY-YEAR VISION QUEST (1995).But there were even more urgently important questions to be answered, particularly this one: ""With ISHMAEL you've undermined the religious beliefs of a lifetime. What am I supposed to replace them with?"" I replied to this with THE STORY OF B (1996).The questions (and books) kept coming: Why did Ishmael have to die? This gave rise to MY ISHMAEL: A SEQUEL (1997), in which it's revealed that Ishmael was not only far from being dead but far from being finished with his work as a teacher. The question ""Where do we go from here?"" was the inspiration for BEYOND CIVILIZATION: HUMANITY'S NEXT GREAT ADVENTURE (1999), a very different kind of book.With these questions answered (and 500 more on my website), I felt I was fundamentally finished with what might be called my teachings and ready to move on.I had always taken as my guiding principle these words from André Gide: ""What another would have done as well as you, do not do it. What another would have said as well as you, do not say it, written as well as you, do not write it.","in 1977-78, called MAN AND ALIEN, didn't turn out to be quite what I wanted, so wrote a second, called THE GENESIS TRANSCRIPT. Like the first version, this didn't satisfy me, so I wrote a third with the same title. THE BOOK OF NAHASH, abandoned unfinished, was the fourth version.When I started writing version five, THE BOOK OF THE DAMNED in 1981, I was sure I'd found the book I was born to write. The versions that came before had been like rainy days with moments of sunshine. THIS was a thunderstorm, and the lines crossed my pages like flashes of lightning. When, after a few thousand words I came to a clear climax, I said, ""This MUST be seen,"" so I put Part One into print. Parts Two and Three followed, and I began searching for the switch that would turn on Part Four... but it just wasn't there. What I'd done was terrific -- and complete in its own way -- but at last I faced the fact that the whole thing just couldn't be done in lightning strikes.And so, on to versions six and seven (both called ANOTHER STORY TO BE IN). I knew I was close, and version eight was it -- the first and only version to be a novel and the first and only version inhabited by a telepathic gorilla named Ishmael.ISHMAEL was a life-changing book. It began by winning the Turner Tomorrow Award, the largest prize ever given to a single literary work. It would come to be read in some 25 languages and used in classrooms from mid-school to graduate school in courses as varied as history philosophy, geography, archaeology, religion, biology, zoology, ecology, anthropology, political science, economics, and sociology.But in 1992, when ISHMAEL was published, I had no idea what I might do next. My readers decided this for me. In letters that arrived by the bushel they demanded to know where this strange book came from, what ""made"" me write it. To answer these questions I wrote PROVIDENCE: THE STORY OF A FIFTY-YEAR VISION QUEST (1995)"
Michael              Parker,https://images.gr-assets.com/authors/1321799659p5/11539.jpg,"Brought up in London. Attended Sir Walter St. John's Grammar School for boys in Battersea until the family moved to Portsmouth in 1954. Continued education at Southern Grammar. Left school with no qualifications and started work as a Junior deigner at Twilfits (Corset/Brassiere manufacturer). Left after one year and joined the Merhcant Navy as a Steward. Two years later married Pat, my teenage sweetheart and went to work on a building site. Three months later I joined the RAF as an electrician. Left 16 years later on a redundancy package and worked in a food factory for a couple of years. Left and worked in the Middle East for a year. Then back to another food manufacturer (Mars) for 17 years until early retirement in 1996. Moved out to Spain with Pat in 1997. We have four sons and ten grandchildren.I have written all my adult life with moderate success. My first novel, NORTH SLOPE was published by Macmillan in 1980. My second, SHADOW OF THE WOLF in 1984 by Robert Hale. My third, HELL'S GATE was published in 2007 by Robert Hale followed by THE EAGLE'S COVENANT (2007) and THE DEVIL'S TRINITY in 2008. This was followed by THE THIRD SECRET,in 2009 and then A COVERT WAR in 2010. My latest novel, THE BOY FROM BERLIN was released in December 2011, and has now been picked up by Harlequin who have purchased (leased) the paperback rights for North America and Canada. Harlequin have also released my thriller, THE EAGLE'S COVENANT in paperback.Pat and I moved back to England in 2014.Robert published my novel, PAST IMPERFECT, in January 2015. This is an romance with a hard edged back storyI self-published A Dangerous Game last year, and now have my latest novel, Where the Wicked Dwell, trying to pick up votes on Kindle Scout. Should be released some time in February.","all my adult life with moderate success. My first novel, NORTH SLOPE was published by Macmillan in 1980. My second, SHADOW OF THE WOLF in 1984 by Robert Hale. My third, HELL'S GATE was published in 2007 by Robert Hale followed by THE EAGLE'S COVENANT (2007)"
David James Duncan,https://images.gr-assets.com/authors/1238172599p5/11700.jpg,"David James Duncan (born 1952) is an American novelist and essayist, best known for his two bestselling novels, The River Why (1983) and The Brothers K (1992). Both involve fly fishing, baseball, and family.Both received the Pacific Northwest Booksellers award; The Brothers K was a New York Times Notable Book in 1992 and won a Best Books Award from the American Library Association.Film adaptationIn 2008, The River Why was adapted into a ""low-budget film"" of the same name starring William Hurt and Amber Heard. Since April 30, 2008, the film rights to The River Why have become the subject of a lawsuit by Duncan alleging copyright infringement, among other issues.Other worksDuncan has written a collection of short stories, River Teeth (1996), and a memoir of sorts, My Story As Told By Water (2001). His latest work is God Laughs and Plays: Churchless Sermons in Response to the Preachments of the Fundamentalist Right, published in 2006.An essay, ""Bird Watching as a Blood Sport"", appeared in Harper's Magazine in 1998; Duncan wrote the foreword to Thoreau on Water: Reflecting Heaven (2001).An essay, ""A Mickey Mantle koan: The obstinate grip of an autographed baseball"" appeared in Harper's Magazine in 1992.Personal lifeDuncan was born in Portland, Oregon and lives in Missoula County, Montana.","a collection of short stories, River Teeth (1996)"
Max Allan Collins,https://images.gr-assets.com/authors/1362011010p5/12014.jpg,"Received the Shamus Award, ""The Eye"" (Lifetime achievment award) in 2006.He has also published under the name Patrick Culhane. He and his wife, Barbara Collins, have written several books together. Some of them are published under the name Barbara Allan.Book AwardsShamus Awards Best Novel winner (1984) : True DetectiveShamus Awards Best Novel winner (1992) : Stolen AwayShamus Awards Best Novel nominee (1995) : Carnal HoursShamus Awards Best Novel nominee (1997) : Damned in ParadiseShamus Awards Best Novel nominee (1999) : Flying Blind: A Novel about Amelia EarhartShamus Awards Best Novel nominee (2002) : Angel in BlackJapanese: マックス・アラン・コリンズ or マックス・アラン コリンズ",several books together. Some of them are published under the name Barbara Allan.Book AwardsShamus Awards Best Novel winner (1984)
Donald Davie,https://images.gr-assets.com/authors/1495256316p5/12128.jpg,"Donald Davie was born in Barnsley, Yorkshire, to George Clarke and Alice Sugden Davie, received his early education at Barnsley Holgate Grammar School, and spent his boyhood in “the industrially ravaged landscape,” as he called it, of the West Riding. As a Northerner, he has said that in literature he grew to like “the spare and lean.” From his mother, who had a liking for poetry and knew, according to Davie, “the greater part, perhaps the whole” of Francis Turner Palgrave‘s The Golden Treasury of the Best Songs and Lyrical Poems in the English Language (1861, 1897) by heart, he developed an early interest in verse. From the art master of Barnsley Grammar School, he learned to appreciate church architecture, an appreciation expressed in a number of his poems. Of Baptist parentage, he was, to quote from an essay written in his fifties, “an Englishman bred ... near to the heart of English Dissenting Protestantism.” A considerable part of his critical writing is devoted to a defense of the conservative, orthodox, dissenting tradition—Baptist, Congregationalist, and Presbyterian—which he considers to be—at least in the seventeenth and eighteenth centuries—rational, intellectual, and enlightened. Although by the late 1970s he no longer considered himself a Baptist or a dissenter, his Baptist upbringing had a profound influence on his career as a scholar, a critic, and a poet.In 1940 he entered St. Catharine’s College, Cambridge, where he says in his memoirs These the Companions (1982) he had the opportunity to indulge in voracious reading of seventeenth-century pulpit oratory at the English faculty library and to pursue his second major interest, architecture. At about this time he began to have doubts about adhering to the dissenting church. Although he was in sympathy with the strong monarchical sentiment in the church, he regretted its involvement with liberalism, and he felt that when the Liberal party collapsed in England so did the dissenting church. He joined the navy in 1941, and in the summer of 1942 he was sent to northern Russia, where, successively stationed at Polyarno, Murmansk, and Archangel, he remained until December 1943. His Russian experience is vividly described in These the Companions, and his enthusiasm for the poetry of Boris Pasternak was an important literary development of his stay in Russia.1944 found him in Plymouth, the birthplace of Doreen John, whom he married on 13 January 1945. They have three children. In 1946 Davie returned to Cambridge, where he and his wife lived in “four draughty and mouse-infested rooms over the village store in Trumpington.” He became a disciple of F.R. Leavis (“Scrutiny was my bible and F.R. Leavis my prophet”) and, with the majority of the intellectuals at Cambridge, an admirer of T.S. Eliot: “It is hard to convey the virtually unchallenged eminence that Eliot continued to enjoy in Cambridge.” At this time he attempted to improve “his shore-leave sailor’s Russian” and “to grapple with Pasternak.” His initial interest in Pasternak developed into a serious study of Russian literature of the last two centuries, and he eventually wrote his dissertation on an Anglo-Russian subject. He also began at this time his long “Pushkin Didactic Poem” (included in his Collected Poems 1950-1970 [1972] in a greatly abbreviated form), an attempt “to see how near to prose poetry can come while still remaining poetry.” He received his B.A. from Cambridge in 1947, his M.A. in 1949, and his Ph.D. in 1951. In 1950 Davie went to Trinity College, Dublin, as a lecturer in English, and in 1954 he became a fellow. Among the many Irish writers and scholars he met there, he expressed especial admiration for Joseph Hone, biographer of William Butler Yeats, and the poets Austin Clarke and Padraic Fallon. After giving up his lectureship and fellowship in 1957, he lectured at the Yeats summer school directed by his former tutor T.R. Henn. He returned as a visitor to Ireland a number of times, but by","in his fifties, “an Englishman bred ... near to the heart of English Dissenting Protestantism.” A considerable part of his critical writing is devoted to a defense of the conservative, orthodox, dissenting tradition—Baptist, Congregationalist, and Presbyterian—which he considers to be—at least in the seventeenth and eighteenth centuries—rational, intellectual, and enlightened. Although by the late 1970s he no longer considered himself a Baptist or a dissenter, his Baptist upbringing had a profound influence on his career as a scholar, a critic, and a poet.In 1940 he entered St. Catharine’s College, Cambridge, where he says in his memoirs These the Companions (1982)"
Bjarne Reuter,https://images.gr-assets.com/authors/1291285570p5/12565.jpg,"Bjarne Reuter, born 1950 in Brønshøj, a suburb of Copenhagen, Denmark and the setting of many of his books.His first book was published in 1975, the same year he graduated from teacher’s college.In 1980, Bjarne Reuter left teaching to devote full time to writing.He is the author of some 60 books for children and young adults (see complete bibliography).He has written several novels for adults as well. In addition, he is the author of plays, musicals,radio and television series for children. Eight of his books have been made into films for children, a number have been serialized on television and many of them have been dramatized on the stage in Denmark, Finland and Germany as well as in countries as far from home as Japan and Argentina.Publications:1975 Kidnapning (children's book)1975 Rent guld i posen (children's book)1976 En dag i Hector Hansens liv1976 Ridder af skraldespanden (children's book)1976 Rottefængeren fra Hameln (children's book)1977 Den største nar i verden (children's book)1977 Det skøre land (children's book)1977 Eventyret om Hu (children's book)1977 Skønheden og uhyret (children's book)1977 Tre engle og fem løver (children's book)1977 Zappa, en kaldblodig hore1978 De seks tjenere (children's book)1978 Den utilfredse prins (children's book)1978 Drengen der ikke kunne blive bange (children's book)1978 Slusernes kejser1979 Busters verden (children's book)1979 Børnenes julekalender (children's book)1979 Den fredag Osvald blev usynlig (children's book)1979 Rejsen til morgenrødens hav (children's book)1979 Støvet på en sommerfugls vinge1980 Før det lysner (short stories)1980 Kolumbine &amp; Harlekin (children's book)1980 Kys stjernerne (children's book)1980 Suzanne &amp; Leonard1981 Knud, Otto og Carmen Rosita1981 Skibene i skovene1982 Abdulahs juveler (children's book)1982 Det forkerte barn (short stories)1982 Hvor regnbuen ender (children's book)1982 Østen for solen og vesten for månen (children's book)1983 Casanova1983 Når snerlen blomstrer1984 Malte-Pøs i Den Store Vide Verden (children's book)1984 Tre skuespil (drama)1984 Tropicana1985 Bundhu1985 Da solen skulle sælges (children's book)1985 Shamran - den som kommer1986 De andre historier (short stories)1986 En tro kopi1986 Natten i Safarihulen (children's book)1987 Den dobbelte mand1987 Drømmenes bro (children's book)1987 Os to, Oskar... for evigt (children's book)1987 Vendetta1988 Den cubanske kabale1988 Månen over Bella Bio1989 Den skæggede dame (children's book)1989 Peter Pan (children's book)1989 Vi der valgte mælkevejen1990 3 til Bermudos1990 Mig og Albinoni1991 Drengene fra Sankt Petri1991 Lola1992 7.A.1992 En rem af huden1992 Kaptajn Bimse &amp; Goggeletten (children's book)1993 Den korsikanske bisp1993 Johnny &amp; The Hurricanes1994 Anna Havanna (children's book)1995 Langebro med løbende figurer1996 Anna Havanna, Kaptajn Bimse og alle de andre (children's book)1996 Ved profetens skæg1997 Fakiren fra Bilbao1998 En som Hodder (children's book)1998 Mikado1999 Mordet på Leon Culman1999 Under kometens hale1999 Willys fars bil (children's book)2000 Prins Faisals ring; ""The Ring of the Slave Prince"", English translation by Tiina Nunnally (2004)2002 Barolo Kvartetten2002 Kaptajn Bimse i Saltimbocca (children's book)2003 Kaptajn Bimses jul (children's book)2004 Løgnhalsen fra Umbrien2006 Halvvejen til Rafael(Novel)2007 Skyggernes hus2008 [Fem]2008 Den iranske gartner2010 Den egyptiske tenor","several novels for adults as well. In addition, he is the author of plays, musicals,radio and television series for children. Eight of his books have been made into films for children, a number have been serialized on television and many of them have been dramatized on the stage in Denmark, Finland and Germany as well as in countries as far from home as Japan and Argentina.Publications:1975 Kidnapning (children's book)1975 Rent guld i posen (children's book)1976 En dag i Hector Hansens liv1976 Ridder af skraldespanden (children's book)1976 Rottefængeren fra Hameln (children's book)1977 Den største nar i verden (children's book)1977 Det skøre land (children's book)1977 Eventyret om Hu (children's book)1977 Skønheden og uhyret (children's book)1977 Tre engle og fem løver (children's book)1977 Zappa, en kaldblodig hore1978 De seks tjenere (children's book)1978 Den utilfredse prins (children's book)1978 Drengen der ikke kunne blive bange (children's book)1978 Slusernes kejser1979 Busters verden (children's book)1979 Børnenes julekalender (children's book)1979 Den fredag Osvald blev usynlig (children's book)1979 Rejsen til morgenrødens hav (children's book)1979 Støvet på en sommerfugls vinge1980 Før det lysner (short stories)1980 Kolumbine &amp; Harlekin (children's book)1980 Kys stjernerne (children's book)1980 Suzanne &amp; Leonard1981 Knud, Otto og Carmen Rosita1981 Skibene i skovene1982 Abdulahs juveler (children's book)1982 Det forkerte barn (short stories)1982 Hvor regnbuen ender (children's book)1982 Østen for solen og vesten for månen (children's book)1983 Casanova1983 Når snerlen blomstrer1984 Malte-Pøs i Den Store Vide Verden (children's book)1984 Tre skuespil (drama)1984 Tropicana1985 Bundhu1985 Da solen skulle sælges (children's book)1985 Shamran - den som kommer1986 De andre historier (short stories)1986 En tro kopi1986 Natten i Safarihulen (children's book)1987 Den dobbelte mand1987 Drømmenes bro (children's book)1987 Os to, Oskar... for evigt (children's book)1987 Vendetta1988 Den cubanske kabale1988 Månen over Bella Bio1989 Den skæggede dame (children's book)1989 Peter Pan (children's book)1989 Vi der valgte mælkevejen1990 3 til Bermudos1990 Mig og Albinoni1991 Drengene fra Sankt Petri1991 Lola1992 7.A.1992 En rem af huden1992 Kaptajn Bimse &amp; Goggeletten (children's book)1993 Den korsikanske bisp1993 Johnny &amp; The Hurricanes1994 Anna Havanna (children's book)1995 Langebro med løbende figurer1996 Anna Havanna, Kaptajn Bimse og alle de andre (children's book)1996 Ved profetens skæg1997 Fakiren fra Bilbao1998 En som Hodder (children's book)1998 Mikado1999 Mordet på Leon Culman1999 Under kometens hale1999 Willys fars bil (children's book)2000 Prins Faisals ring; ""The Ring of the Slave Prince"", English translation by Tiina Nunnally (2004)"
Andy McNab,https://images.gr-assets.com/authors/1266621942p5/12673.jpg,"Andy McNab joined the infantry in 1976 as a boy soldier. In 1984 he was badged as a member of 22 SAS Regiment. He served in B Squadron 22 SAS for ten years and worked on both covert and overt special operations worldwide, including anti-terrorist and anti-drug operations in the Middle and Far East, South and Central America and Northern Ireland.Trained as a specialist in counter terrorism, prime target elimination, demolitions, weapons and tactics, covert surveillance and information gathering in hostile environments, and VIP protection, McNab worked on cooperative operations with police forces, prison services, anti-drug forces and western backed guerrilla movements as well as on conventional special operations. In Northern Ireland he spent two years working as an undercover operator with 14th Intelligence Group, going on to become an instructor.McNab also worked as an instructor on the SAS selection and training team and instructed foreign special forces in counter terrorism, hostage rescue and survival training.Andy McNab has written about his experiences in the SAS in two bestselling books, Bravo Two Zero (1993) and Immediate Action (1995). Bravo Two Zero is the highest selling war book of all time and has sold over 1.7 million copies in the UK. To date it has been published in 17 countries and translated into 16 languages. The CD spoken word version of Bravo Two Zero, narrated by McNab, sold over 60,000 copies and earned a silver disc. The BBC's film of Bravo Two Zero, starring Sean Bean, was shown on primetime BBC 1 television in 1999 and released on DVD in 2000.Immediate Action, McNab's autobiography, spent 18 weeks at the top of the bestseller lists following the lifting on an ex-parte injunction granted to the Ministry of Defence in September 1995. To date, Immediate Action has now sold over 1.4 million copies in the UK.McNab is the author of seven fast action thrillers, highly acclaimed for their authenticity and all Sunday Times bestsellers. Published in 1997, Remote Control was hailed as the most authentic thriller ever written and has sold over half a million copies in the UK. McNab's subsequent thrillers, Crisis Four, Firewall, Last Light , Liberation Day , Dark Winter , Deep Black and Aggressor have all gone on to sell equally well. The central character in all the books is Nick Stone, a tough ex-SAS operative working as a 'K' on deniable operations for British Intelligence.McNab's fiction draws extensively on his experiences and knowledge of Special Forces soldiering. He has been officially registered by Neilsen Bookscan as the bestselling British thriller writer of the last year.","about his experiences in the SAS in two bestselling books, Bravo Two Zero (1993)"
Donald Kagan,https://images.gr-assets.com/authors/1411665575p5/12805.jpg,"Professor Kagan, who received his PhD from Ohio State University in 1958, has written The Great Dialogue: A History of Greek Political Thought from Homer to Polybius (1965 and 1986); The Outbreak of the Peloponnesian War (1969); The Archidamian War (1974); The Peace of Nicias and the Sicilian Expedition (1981); The Fall of the Athenian Empire (1987); Pericles and the Birth of the Athenian Empire (1990); On the Origins of War and the Preservation of Peace (1995); While America Sleeps (2000) with Frederick W. Kagan; The Western Heritage (2000) with Steven Ozment and Frank M. Turner; The Heritage of World Civilizations (2000) with Albert M. Craig, William A. Graham, Ozment and Turner; The Peloponnesian War (2003).Winner of the National Humanities Medal for 2002, and a prominent social and political critic, his graduate courses include seminars in the writings of selected Greek historians and in selected periods in Greek history.",The Great Dialogue: A History of Greek Political Thought from Homer to Polybius (1965 and 1986); The Outbreak of the Peloponnesian War (1969)
Colin McGinn,https://images.gr-assets.com/authors/1263314583p5/12834.jpg,"Colin McGinn is a British philosopher currently working at the University of Miami. McGinn has also held major teaching positions at Oxford University and Rutgers University. He is best known for his work in the philosophy of mind, though he has written on topics across the breadth of modern philosophy. Chief among his works intended for a general audience is the intellectual memoir The Making of a Philosopher: My Journey Through Twentieth-Century Philosophy (2002).Colin McGinn was born in Blackpool, England in 1950. He enrolled in Manchester University to study psychology. However, by the time he received his degree in psychology from Manchester in 1971 (by writing a thesis focusing on the ideas of Noam Chomsky), he wanted to study philosophy as a postgraduate. By 1972, McGinn was admitted into Oxford University's B.Litt postgraduate programme, in hopes of eventually gaining entrance into Oxford's postgraduate B.Phil. programme.McGinn quickly made the transition from psychology to philosophy during his first term at Oxford. After working zealously to make the transition, he was soon admitted into the B.Phil programme under the recommendation of his advisor, Michael R. Ayers. Shortly after entering the philosophy programme, he won the John Locke Prize in 1972. By 1974, McGinn received the B.Phil degree from Oxford, writing a thesis under the supervision of P.F. Strawson, which focused on the semantics of Donald Davidson.In 1974, McGinn took his first philosophy position at University College London. In January 1980, he spent two semesters at University of California, Los Angeles (UCLA) as a visiting professor. Then, shortly after declining a job at University of Southern California, he succeeded Gareth Evans as Wilde Reader at Oxford University. In 1988, shortly after a visiting term at City University of New York (CUNY), McGinn received a job offer from Rutgers University. He accepted the offer from Rutgers, joining ranks with, among others, Jerry Fodor in the philosophy department. McGinn stayed at Rutgers until 2006, when he accepted a job offer from University of Miami as full time professor.Although McGinn has written dozens of articles in philosophical logic, metaphysics, and the philosophy of language, he is best known for his work in the philosophy of mind. In his 1989 article ""Can We Solve the Mind-Body Problem?"", McGinn speculates that the human mind is innately incapable of comprehending itself entirely, and that this incapacity spawns the puzzles of consciousness that have preoccupied Western philosophy since Descartes. Thus, McGinn's answer to the hard problem of consciousness is that humans cannot find the answer. This position has been nicknamed the ""New Mysterianism"". The Mysterious Flame: Conscious Minds in a Material World (2000) is a non-technical exposition of McGinn's theory.Outside of philosophy, McGinn has written a novel entitled The Space Trap (1992). He was also featured prominently as an interviewee in Jonathon Miller's Brief History of Disbelief, a documentary miniseries about atheism's history. He discussed the philosophy of belief as well as his own beliefs as an atheist.","on topics across the breadth of modern philosophy. Chief among his works intended for a general audience is the intellectual memoir The Making of a Philosopher: My Journey Through Twentieth-Century Philosophy (2002); dozens of articles in philosophical logic, metaphysics, and the philosophy of language, he is best known for his work in the philosophy of mind. In his 1989 article ""Can We Solve the Mind-Body Problem?"", McGinn speculates that the human mind is innately incapable of comprehending itself entirely, and that this incapacity spawns the puzzles of consciousness that have preoccupied Western philosophy since Descartes. Thus, McGinn's answer to the hard problem of consciousness is that humans cannot find the answer. This position has been nicknamed the ""New Mysterianism"". The Mysterious Flame: Conscious Minds in a Material World (2000); a novel entitled The Space Trap (1992)"
Robert Ferrigno,https://images.gr-assets.com/authors/1272557658p5/12879.jpg,"Robert Ferrigno is an American author of crime novels and of speculative fiction. I've written twelve novels in the last twenty years, most crime thrillers. Sins of the Assassin was a finalist for the Edgar, Best Novel, by the Mystery Writers of America in 2008, and my comic short story, ""Can I Help You Out?"" won the Silver Dagger, Best Short Story, by the Mystery Association of Great Britain.Series:* Jimmy Gage Mystery* Assassin TrilogyMy most recent book is The Girl Who Cried Wolf (2013), a contemporary crime thriller.","twelve novels in the last twenty years, most crime thrillers. Sins of the Assassin was a finalist for the Edgar, Best Novel, by the Mystery Writers of America in 2008, and my comic short story, ""Can I Help You Out?"" won the Silver Dagger, Best Short Story, by the Mystery Association of Great Britain.Series:* Jimmy Gage Mystery* Assassin TrilogyMy most recent book is The Girl Who Cried Wolf (2013)"
Hanif Kureishi,https://images.gr-assets.com/authors/1417940929p5/13081.jpg,"Hanif Kureishi is the author of novels (including The Buddha of Suburbia, The Black Album and Intimacy), story collections (Love in a Blue Time, Midnight All Day, The Body), plays (including Outskirts, Borderline and Sleep With Me), and screenplays (including My Beautiful Laundrette, My Son the Fanatic and Venus). Among his other publications are the collection of essays Dreaming and Scheming, The Word and the Bomb and the memoir My Ear at His Heart.Kureishi was born in London to a Pakistani father and an English mother. His father, Rafiushan, was from a wealthy Madras family, most of whose members moved to Pakistan after the Partition of India in 1947. He came to Britain to study law but soon abandoned his studies. After meeting and marrying Kureishi’s mother Audrey, Rafiushan settled in Bromley, where Kureishi was born, and worked at the Pakistan Embassy.Kureishi attended Bromley Technical High School where David Bowie had also been a pupil and after taking his A levels at a local sixth form college, he spent a year studying philosophy at Lancaster University before dropping out. Later he attended King’s College London and took a degree in philosophy. In 1985 he wrote My Beautiful Laundrette, a screenplay about a gay Pakistani-British boy growing up in 1980’s London for a film directed by Stephen Frears. It won the New York Film Critics Best Screenplay Award and an Academy Award nomination for Best Screenplay.His book The Buddha of Suburbia (1990) won the Whitbread Award for the best first novel, and was also made into a BBC television series with a soundtrack by David Bowie. The next year, 1991, saw the release of the feature film entitled London Kills Me; a film written and directed Kureishi.His novel Intimacy (1998) revolved around the story of a man leaving his wife and two young sons after feeling physically and emotionally rejected by his wife. This created certain controversy as Kureishi himself had recently left his wife and two young sons. It is assumed to be at least semi-autobiographical. In 2000/2001 the novel was loosely adapted to a movie Intimacy by Patrice Chéreau, which won two Bears at the Berlin Film Festival: a Golden Bear for Best Film, and a Silver Bear for Best Actress (Kerry Fox). It was controversial for its unreserved sex scenes. The book was translated into Persian by Niki Karimi in 2005.He was appointed Commander of the Order of the British Empire (CBE) in the 2008 New Year Honours.Kureishi is married and has a pair of twins and a younger son.",and directed Kureishi.His novel Intimacy (1998)
Thomas H. Cook,https://images.gr-assets.com/authors/1268927554p5/13746.jpg,"There is more than one author with this name on Goodreads.Thomas H. Cook has been praised by critics for his attention to psychology and the lyrical nature of his prose. He is the author of more than 30 critically-acclaimed fiction books, including works of true crime. Cook published his first novel, Blood Innocents, in 1980. Cook published steadily through the 1980s, penning such works as the Frank Clemons trilogy, a series of mysteries starring a jaded cop.He found breakout success with The Chatham School Affair (1996), which won an Edgar Award for best novel. Besides mysteries, Cook has written two true-crime books including the Edgar-nominated Blood Echoes (1993). He lives and works in New York City.AwardsEdgar Allan Poe – Best Novel – The Chatham School AffairBarry Award – Best Novel – Red LeavesMartin Beck Award of the Swedish Academy of Detection – The Chatham School AffairMartin Beck Award of the Swedish Academy of Detection – Red LeavesHerodotus Prize – Fatherhood",two true-crime books including the Edgar-nominated Blood Echoes (1993)
Simon Winchester,https://images.gr-assets.com/authors/1286848563p5/14053.jpg,"Simon Winchester, OBE, is a British writer, journalist and broadcaster who resides in the United States. Through his career at The Guardian, Winchester covered numerous significant events including Bloody Sunday and the Watergate Scandal. As an author, Simon Winchester has written or contributed to over a dozen nonfiction books and authored one novel, and his articles appear in several travel publications including Condé Nast Traveler, Smithsonian Magazine, and National Geographic. In 1969, Winchester joined The Guardian, first as regional correspondent based in Newcastle upon Tyne, but was later assigned to be the Northern Ireland Correspondent. Winchester's time in Northern Ireland placed him around several events of The Troubles, including the events of Bloody Sunday and the Belfast Hour of Terror.After leaving Northern Ireland in 1972, Winchester was briefly assigned to Calcutta before becoming The Guardian's American correspondent in Washington, D.C., where Winchester covered news ranging from the end of Richard Nixon's administration to the start of Jimmy Carter's presidency. In 1982, while working as the Chief Foreign Feature Writer for The Sunday Times, Winchester was on location for the invasion of the Falklands Islands by Argentine forces. Suspected of being a spy, Winchester was held as a prisoner in Tierra del Fuego for three months.Winchester's first book, In Holy Terror, was published by Faber and Faber in 1975. The book drew heavily on his first-hand experiences during the turmoils in Ulster. In 1976, Winchester published his second book, American Heartbeat, which dealt with his personal travels through the American heartland. Winchester's third book, Prison Diary, was a recounting of his imprisonment at Tierra del Fuego during the Falklands War and, as noted by Dr Jules Smith, is responsible for his rise to prominence in the United Kingdom. Throughout the 1980s and most of the 1990s, Winchester produced several travel books, most of which dealt with Asian and Pacific locations including Korea, Hong Kong, and the Yangtze River.Winchester's first truly successful book was The Professor and the Madman (1998), published by Penguin UK as The Surgeon of Crowthorne. Telling the story of the creation of the Oxford English Dictionary, the book was a New York Times Best Seller, and Mel Gibson optioned the rights to a film version, likely to be directed by John Boorman.Though Winchester still writes travel books, he has repeated the narrative non-fiction form he used in The Professor and the Madman several times, many of which ended in books placed on best sellers lists. His 2001 book, The Map that Changed the World, focused on geologist William Smith and was Whichester's second New York Times best seller. The year 2003 saw Winchester release another book on the creation of the Oxford English Dictionary, The Meaning of Everything, as well as the best-selling Krakatoa: The Day the World Exploded. Winchester followed Krakatoa's volcano with San Francisco's 1906 earthquake in A Crack in the Edge of the World. The Man Who Loved China (2008) retells the life of eccentric Cambridge scholar Joseph Needham, who helped to expose China to the western world. Winchester's latest book, The Alice Behind Wonderland, was released March 11, 2011. - source Wikipedia","or contributed to over a dozen nonfiction books and authored one novel, and his articles appear in several travel publications including Condé Nast Traveler, Smithsonian Magazine, and National Geographic. In 1969, Winchester joined The Guardian, first as regional correspondent based in Newcastle upon Tyne, but was later assigned to be the Northern Ireland Correspondent. Winchester's time in Northern Ireland placed him around several events of The Troubles, including the events of Bloody Sunday and the Belfast Hour of Terror.After leaving Northern Ireland in 1972, Winchester was briefly assigned to Calcutta before becoming The Guardian's American correspondent in Washington, D.C., where Winchester covered news ranging from the end of Richard Nixon's administration to the start of Jimmy Carter's presidency. In 1982, while working as the Chief Foreign Feature Writer for The Sunday Times, Winchester was on location for the invasion of the Falklands Islands by Argentine forces. Suspected of being a spy, Winchester was held as a prisoner in Tierra del Fuego for three months.Winchester's first book, In Holy Terror, was published by Faber and Faber in 1975. The book drew heavily on his first-hand experiences during the turmoils in Ulster. In 1976, Winchester published his second book, American Heartbeat, which dealt with his personal travels through the American heartland. Winchester's third book, Prison Diary, was a recounting of his imprisonment at Tierra del Fuego during the Falklands War and, as noted by Dr Jules Smith, is responsible for his rise to prominence in the United Kingdom. Throughout the 1980s and most of the 1990s, Winchester produced several travel books, most of which dealt with Asian and Pacific locations including Korea, Hong Kong, and the Yangtze River.Winchester's first truly successful book was The Professor and the Madman (1998)"
Chris Claremont,https://images.gr-assets.com/authors/1206644417p5/15091.jpg,"Chris Claremont is a writer of American comic books, best known for his 16-year (1975-1991) stint on Uncanny X-Men, during which the series became one of the comic book industry's most successful properties.Claremont has written many stories for other publishers including the Star Trek Debt of Honor graphic novel, his creator-owned Sovereign Seven for DC Comics and Aliens vs Predator for Dark Horse Comics. He also wrote a few issues of the series WildC.A.T.s (volume 1, issues #10-13) at Image Comics, which introduced his creator-owned character, Huntsman.Outside of comics, Claremont co-wrote the Chronicles of the Shadow War trilogy, Shadow Moon (1995), Shadow Dawn (1996), and Shadow Star (1999), with George Lucas. This trilogy continues the story of Elora Danan from the movie Willow. In the 1980s, he also wrote a science fiction trilogy about female starship pilot Nicole Shea, consisting of First Flight (1987), Grounded! (1991), and Sundowner (1994). Claremont was also a contributor to the Wild Cards anthology series.","many stories for other publishers including the Star Trek Debt of Honor graphic novel, his creator-owned Sovereign Seven for DC Comics and Aliens vs Predator for Dark Horse Comics. He also wrote a few issues of the series WildC.A.T.s (volume 1, issues #10-13) at Image Comics, which introduced his creator-owned character, Huntsman.Outside of comics, Claremont co-wrote the Chronicles of the Shadow War trilogy, Shadow Moon (1995)"
Richard W. Bulliet,https://images.gr-assets.com/authors/1480853679p5/15403.jpg,"Richard W. Bulliet is a professor emeritus of history at Columbia University who specializes in the history of Islamic society and institutions, the history of technology, and the history of the role of animals in human society.Richard grew up in Illinois. He attended Harvard University, from which he received a BA in 1962 and a PhD in 1967.Several of his books focus on Iran but deal also with the larger Muslim world, including The Patricians of Nishapur: a Study in Medieval Islamic History (1972), Conversion to Islam in the Medieval Period: An Essay in Quantitative History (1979), and Islam: the View from the Edge (1994). His books on a broader view of Islamic history and society include Under Siege: Islam and Democracy (1994) and The Case for Islamo-Christian Civilization (2004). His book  (1975) brings together his interest in the histories of technology, animal domestication, and the Middle East, dealing for example with the significant military advantage early Muslim armies gained from a slight improvement in the design of cloth camel saddles. He would return to the history of animal domestication with his Hunters, Herders, and Hamburgers: The Past and Future of Human-Animal Relationships (2005).He is the writer and editor of books of more general interest as well, including The Columbia History of the Twentieth Century (editor, 1998), The Encyclopedia of the Modern Middle East (co-editor, 1996), and The Earth and Its Peoples: A Global History (co-author, 1997). He has also written several novels which draw on his knowledge of international politics and the Middle East, and is a promoter of the validity of comics as an art form.His first fiction book, Kicked to Death by a Camel (1973), was nominated for an Edgar for “Best First Mystery”. His other fiction includes Tomb of the Twelfth Imam (1979), The Gulf Scenario (1984), The Sufi Fiddle (1991), and The One-Donkey Solution (2011).Bulliet’s commentaries and opinion pieces on the Middle East have appeared in such newspapers The Guardian, New York Times International, and Süddeutsche Zeitung.","several novels which draw on his knowledge of international politics and the Middle East, and is a promoter of the validity of comics as an art form.His first fiction book, Kicked to Death by a Camel (1973)"
Jane Drake,https://images.gr-assets.com/authors/1281557390p5/15574.jpg,"Jane Drake and Ann Love are a sister writing duo. Together they have published 25 non-fiction titles for junior/intermediate students. Their first book to hit the bestseller list was The Kids Cottage Book published in 1992. Since then they have written many bestsellers and award winners including Cool Woods: A Trip Around the World's Boreal Forest (2003), The Kids Book of the Night Sky (2004), Snow Amazing: Cool Facts and Warm Tales (2004), and Trash Action: A Fresh Look at Garbage (2006), Sweet! The Delicious Story of Candy (2007), Alien Invaders: Species that Threaten Our World (2008). Ann and Jane have shared a lifelong love of the outdoors enjoying everything from snow shoeing, to camping, bird watching, tree planting and photography. They get along magnificently, except on the tennis court.Jane lives in Toronto. She and husband escape the city whenever possible and recharge with weekends of sandhill crane sightings, star gazing, gardening and rigorous outdoor exercise. Nellie the ginger cat entertains Jane as she writes and Angus, the dog, makes sure she gets her daily walk. Jane would love to visit Siberia.",many bestsellers and award winners including Cool Woods: A Trip Around the World's Boreal Forest (2003)
Ann Love,https://images.gr-assets.com/authors/1281557472p5/15575.jpg,"Jane Drake and Ann Love are a sister writing duo. Together they have published 25 non-fiction titles for junior/intermediate students. Their first book to hit the bestseller list was The Kids Cottage Book published in 1992. Since then they have written many bestsellers and award winners including Cool Woods: A Trip Around the World's Boreal Forest (2003), The Kids Book of the Night Sky (2004), Snow Amazing: Cool Facts and Warm Tales (2004), and Trash Action: A Fresh Look at Garbage (2006), Sweet! The Delicious Story of Candy (2007), Alien Invaders: Species that Threaten Our World (2008). Ann and Jane have shared a lifelong love of the outdoors enjoying everything from snow shoeing, to camping, bird watching, tree planting and photography. They get along magnificently, except on the tennis court.Ann lives near King, Ontario. She was a teacher librarian for many years but has retired to concentrate on writing. She is an accomplished artist, enjoying painting watercolors of the wild plants near her home. Ann stalks and patrols at least five bird feeders year round, often dropping the phone on her sister's ear to chase her cat away from the chickadees. Skookum, her pup, insists on several walks a day. Ann would love to visit India.",many bestsellers and award winners including Cool Woods: A Trip Around the World's Boreal Forest (2003)
Georges Perec,https://images.gr-assets.com/authors/1548343614p5/15923.jpg,"Georges Perec was a highly-regarded French novelist, filmmaker, and essayist. He was a member of the Oulipo group. Many of his novels and essays abound with experimental wordplay, lists, and attempts at classification, and they are usually tinged with melancholy.Born in a working-class district of Paris, Perec was the only son of Icek Judko and Cyrla (Schulewicz) Peretz, Polish Jews who had emigrated to France in the 1920s. He was a distant relative of the Yiddish writer Isaac Leib Peretz. Perec's first novel, Les Choses (Things: A Story of the Sixties) was awarded the Prix Renaudot in 1965.In 1978, Perec won the prix Médicis for Life: A User's Manual (French title, La Vie mode d'emploi), possibly his best-known work. The 99 chapters of this 600 page piece move like a knight's tour of a chessboard around the room plan of a Paris apartment building, describing the rooms and stairwell and telling the stories of the inhabitants.Cantatrix Sopranica L. is a spoof scientific paper detailing experiments on the ""yelling reaction"" provoked in sopranos by pelting them with rotten tomatoes. All the references in the paper are multi-lingual puns and jokes, e.g. ""(Karybb et Scyla, 1973)"".Perec is also noted for his constrained writing: his 300-page novel La disparition (1969) is a lipogram, written without ever using the letter ""e"". It has been translated into English by Gilbert Adair under the title A Void (1994). The silent disappearance of the letter might be considered a metaphor for the Jewish experience during the Second World War. Since the name 'Georges Perec' is full of 'e's, the disappearance of the letter also ensures the author's own 'disappearance'.His novella Les revenentes (1972) is a complementary univocalic piece in which the letter ""e"" is the only vowel used. This constraint affects even the title, which would conventionally be spelt Revenantes. An English translation by Ian Monk was published in 1996 as The Exeter Text: Jewels, Secrets, Sex in the collection Three.It has been remarked by Jacques Roubaud that these two novels draw words from two disjoint sets of the French language, and that a third novel would be possible, made from the words not used so far (those containing both ""e"" and a vowel other than ""e"").W ou le souvenir d'enfance, (W, or, the Memory of Childhood, 1975) is a semi-autobiographical work which is hard to classify. Two alternating narratives make up the volume: one, a fictional outline of a totalitarian island country called ""W"", patterned partly on life in a concentration camp; and the second, descriptions of childhood. Both merge towards the end when the common theme of the Holocaust is explained.Perec was a heavy smoker throughout his life, and was diagnosed with lung cancer in 1981. He died the following year in Ivry-sur-Seine at only forty-five-years old. His ashes are held at the columbarium of the Père Lachaise Cemetery.David Bellos wrote an extensive biography of Perec: Georges Perec: A Life in Words, which won the Académie Goncourt's bourse for biography in 1994.","without ever using the letter ""e"". It has been translated into English by Gilbert Adair under the title A Void (1994)"
Paul Schrader,https://images.gr-assets.com/authors/1309558763p5/15983.jpg,"Although his name is often linked to that of the 'movie brat' generation (Spielberg, Scorsese, Coppola, Lucas, De Palma, etc.) Paul Schrader's background couldn't have been more different. Schrader's strict Calvinist parents refused to allow him to see a film until he was eighteen. Although he more than made up for lost time when studying at Calvin College, Columbia University and UCLA's graduate film program, his influences were far removed from those of his contemporaries - Bresson, Ozu and Dreyer (about whom he wrote a book, Transcendental Style in Film: Ozu Bresson Dreyer Da Capo Paperback) rather than Saturday morning serials. After a period as a film critic (and protégé of Pauline Kael), he began writing screenplays, hitting the jackpot when he and his brother, Leonard Schrader (a Japanese expert), were paid the then-record sum of $325,000, for The Yakuza, thus establishing his reputation as one of Hollywood's top screenwriters - which was consolidated when Martin Scorsese filmed Schrader's script [Book:Taxi Driver] (1976), written in the early 1970s during a bout of drinking and depression. The success of the film allowed Schrader to start directing his own films, which have been notable for their willingness to take stylistic and thematic risks while still working squarely within the Hollywood system. The most original of his films (which he and many others regard as his best) was the Japanese co-production Mishima: A Life in Four Chapters (1985).Biography Source: http://www.imdb.com/name/nm0001707/bio","in the early 1970s during a bout of drinking and depression. The success of the film allowed Schrader to start directing his own films, which have been notable for their willingness to take stylistic and thematic risks while still working squarely within the Hollywood system. The most original of his films (which he and many others regard as his best) was the Japanese co-production Mishima: A Life in Four Chapters (1985)"
Alec Wilder,https://images.gr-assets.com/authors/1294001008p5/16349.jpg," [image error]Born Alexander Lafayette Chew Wilder in Rochester, New York, to a wealthy banking family. He was an avid letter-writer. His bouts of drinking often tested the limits of his lifelong friendships.He was largely self-taught as a composer studing briefly at his hometown's Eastman School of Music in the 1920s, but left without completing his degree. While there, he edited a humor magazine and scored music for short films directed by James Sibley Watson. Wilder was eventually awarded an honorary degree in 1973.He was good friends with Frank Sinatra, Peggy Lee, Tony Bennett, and Marian Mcpartland.Among the standards he wrote or co-wrote were: I'll Be Around(1943)While We're Young(1943, written with Morty Palitz and William Engvick)It's So Peaceful in the Country(1941)Moon And Sand (1941, written with Morty Palitz and William Engvick)Who Can I Turn To? (1941, lyric by William Engvick)The Lady Sings the Blues (1956, lyric by William Engvick and a hit for Mabel Mercer); Where Do You Go? (1959, lyric by Arnold Sundgaard)Remember My Child (1964, lyric by William Engvick) Lovers and Losers (1968, lyric by William Engvick) Blackberry Winter (1976, lyric by Loonis McGlohon); Be a Child (1976 lyric by Loonis McGlohon)A Long Night (1980, Wilder's last song, written for Sinatra with a lyric by Loonis McGlohon). Wrote the lyrics to Thad Jones' A Child Is BornHe also wrote many songs for the cabaret artist Mabel Mercer, including one of her signature pieces, ""Have You Ever Crossed Over to Sneden's?""In addition to writing popular songs, Wilder also composed classical pieces for exotic combinations of orchestral instruments. The Alec Wilder Octet, including Eastman classmate Mitch Miller on oboe, recorded several of his originals for Brunswick Records in 1938-40. His classical numbers, which often had off-beat, humorous titles (""The Hotel Detective Registers""), were strongly influenced by jazz. He wrote eleven operas; one of which, Miss Chicken Little (1953), was commissioned for television by CBS. Sinatra conducted an album of Wilder's classical music. Wilder also arranged a series of Christmas carols for Tubachristmas. He composed numerous works for children.Wilder wrote what is considered by many critics the definitive book on American songwriting:
  American Popular Song: The Great Innovators, 1900–1950 
 (1972). He was also featured in a radio series based on the book, broadcast in the mid '70s. With lyricist Loonis McGlohon, he composed songs for the Land of Oz theme park in Banner Elk, North Carolina. Wilder loved puzzles: he created his own cryptic crosswords, and could spend hours with a jigsaw puzzle. He also loved to talk (he had an encyclopedic knowledge of the world) and most of all, laugh. Displeased with how Peggy Lee improvised the ending of While We're Young, he wrote her a note: ""The next time you come to the bridge [of the song], jump!"" He often maintained that music publishers ""stole everything"", but in a reflective moment, noted that as badly as he had been treated by the powers-that-be of the music industry, black artists had been treated worse.He won a Peabody Award for the National Public Radio series ""American Popular Song,"" cohosted by Loonis McGlohon, an Avon Foundation grant, the Deems Taylor ASCAP Award and a National Book Award nomination—all having to do with American Popular Song: ""The Great Innovators, 1900-1950,"" edited and with an introduction by James T. Maher. Alec Wilder died of lung cancer on Christmas Eve 1980 in Gainesville, Florida.","with Morty Palitz and William Engvick)It's So Peaceful in the Country (1941); with Morty Palitz and William Engvick)Who Can I Turn To? (1941, lyric by William Engvick)The Lady Sings the Blues (1956, lyric by William Engvick and a hit for Mabel Mercer); Where Do You Go? (1959, lyric by Arnold Sundgaard)Remember My Child (1964, lyric by William Engvick) Lovers and Losers (1968, lyric by William Engvick) Blackberry Winter (1976, lyric by Loonis McGlohon); Be a Child (1976 lyric by Loonis McGlohon)A Long Night (1980, Wilder's last song, written for Sinatra with a lyric by Loonis McGlohon). Wrote the lyrics to Thad Jones' A Child Is BornHe also wrote many songs for the cabaret artist Mabel Mercer, including one of her signature pieces, ""Have You Ever Crossed Over to Sneden's?""In addition to writing popular songs, Wilder also composed classical pieces for exotic combinations of orchestral instruments. The Alec Wilder Octet, including Eastman classmate Mitch Miller on oboe, recorded several of his originals for Brunswick Records in 1938-40. His classical numbers, which often had off-beat, humorous titles (""The Hotel Detective Registers""), were strongly influenced by jazz. He wrote eleven operas; one of which, Miss Chicken Little (1953)"
Richard Price,https://images.gr-assets.com/authors/1243806498p5/16481.jpg,"Librarian Note: There is more than one author in the GoodReads database with this name. Also writes under the pen name  Harry BrandtA self-described ""middle class Jewish kid,"" Price grew up in a housing project in the northeast Bronx. Today, he lives in New York City with his family.Price graduated from the Bronx High School of Science in 1967 and obtained a BA from Cornell University and an MFA from Columbia. He also did graduate work at Stanford. He has taught writing at Columbia, Yale, and New York University. He was one of the first people interviewed on the NPR show Fresh Air when it began airing nationally in 1987. In 1999, he received the American Academy of Arts and Letters Award in Literature.Price's novels explore late 20th century urban America in a gritty, realistic manner that has brought him considerable literary acclaim. Several of his novels are set in a fictional northern New Jersey city called Dempsy. In his review of Lush Life (2008), Walter Kirn compared Price to Raymond Chandler and Saul Bellow.Price's first novel was The Wanderers (1974), a coming-of-age story set in the Bronx in 1962, written when Price was 24 years old. It was adapted into a movie in 1979, with a screenplay by Rose and Philip Kaufman and directed by the latter.Clockers (1992) was nominated for the National Book Critics Circle Award. It has been praised for its humor, suspense, dialogue, and characterizations. In 1995, it was made into a movie directed by Spike Lee; Price and Lee shared writing credits for the screenplay.Price has written numerous screenplays, of which the best known are The Color of Money (1986), for which he was nominated for an Oscar, Life Lessons (the Martin Scorsese segment of New York Stories) (1989), Sea of Love (1989), Mad Dog and Glory (1992), Ransom (1996), and Shaft (2000). He also wrote for the HBO series The Wire. Price was nominated for the Writers Guild of America Award award for Best Dramatic Series at the February 2009 ceremony for his work on the fifth season of The Wire. He is often cast in cameo roles in the films he writes.Price also wrote and conceptualized the 15 minute film surrounding Michael Jackson's ""Bad"" video.Additionally, he has published articles in the The New York Times, Esquire Magazine, The New Yorker, Village Voice, Rolling Stone, and others.","when Price was 24 years old. It was adapted into a movie in 1979, with a screenplay by Rose and Philip Kaufman and directed by the latter.Clockers (1992); numerous screenplays, of which the best known are The Color of Money (1986)"
Peter Ackroyd,https://images.gr-assets.com/authors/1232835556p5/16881.jpg,"Peter Ackroyd CBE is an English novelist and biographer with a particular interest in the history and culture of London.Peter Ackroyd's mother worked in the personnel department of an engineering firm, his father having left the family home when Ackroyd was a baby. He was reading newspapers by the age of 5 and, at 9, wrote a play about Guy Fawkes. Reputedly, he first realized he was gay at the age of 7.Ackroyd was educated at St. Benedict's, Ealing and at Clare College, Cambridge, from which he graduated with a double first in English. In 1972, he was a Mellon Fellow at Yale University in the United States. The result of this fellowship was Ackroyd's Notes for a New Culture, written when he was only 22 and eventually published in 1976. The title, a playful echo of T. S. Eliot's Notes Towards the Definition of Culture (1948), was an early indication of Ackroyd's penchant for creatively exploring and reexamining the works of other London-based writers.Ackroyd's literary career began with poetry, including such works as London Lickpenny (1973) and The Diversions of Purley (1987). He later moved into fiction and has become an acclaimed author, winning the 1998 James Tait Black Memorial Prize for the biography Thomas More and being shortlisted for the Booker Prize in 1987.Ackroyd worked at The Spectator magazine between 1973 and 1977 and became joint managing editor in 1978. In 1982 he published The Great Fire of London, his first novel. This novel deals with one of Ackroyd's great heroes, Charles Dickens, and is a reworking of Little Dorrit. The novel set the stage for the long sequence of novels Ackroyd has produced since, all of which deal in some way with the complex interaction of time and space, and what Ackroyd calls ""the spirit of place"". It is also the first in a sequence of novels of London, through which he traces the changing, but curiously consistent nature of the city. Often this theme is explored through the city's artists, and especially its writers.Ackroyd has always shown a great interest in the city of London, and one of his best known works, London: The Biography, is an extensive and thorough discussion of London through the ages. His fascination with London literary and artistic figures is also displayed in the sequence of biographies he has produced of Ezra Pound (1980), T. S. Eliot (1984), Charles Dickens (1990), William Blake (1995), Thomas More (1998), Chaucer (2004), William Shakespeare (2005), and J. M. W. Turner. The city itself stands astride all these works, as it does in the fiction.From 2003 to 2005, Ackroyd wrote a six-book non-fiction series (Voyages Through Time), intended for readers as young as eight. This was his first work for children. The critically acclaimed series is an extensive narrative of key periods in world history.Early in his career, Ackroyd was nominated a Fellow of the Royal Society of Literature in 1984 and, as well as producing fiction, biography and other literary works, is also a regular radio and television broadcaster and book critic.In the New Year's honours list of 2003, Ackroyd was awarded the CBE.","when he was only 22 and eventually published in 1976. The title, a playful echo of T. S. Eliot's Notes Towards the Definition of Culture (1948)"
Thierry De Duve,https://images.gr-assets.com/authors/1497736176p5/17191.jpg,"Thierry de Duve, son of Nobel Prize-winning cytologist and biochemist Christian de Duve, is a Belgian scholar of the history and theory of modern and contemporary art. He is a scholar of Immanuel Kant and has written several books on the artist Marcel Duchamp, including: Pictorial Nominalism; On Marcel Duchamp's Passage from Painting to the Readymade (1991), The Definitively Unfinished Marcel Duchamp (1993), and Kant After Duchamp (1998). Committed to a reinterpretation of modernism, much of his earlier work revolves around the challenges presented in Marcel Duchamp's readymades and their and implications for aesthetics. Thierry de Duve outlines an aesthetic theory of art to meet the requirements of our time, which mainly consists of three components: 1.) updating Kant's aesthetics by replacing the phrase ""this is beautiful"" with ""this is art"" as the paradigm for aesthetic judgment; 2.) reassessing Modernism in painting from Manet onwards with theory informed by Clement Greenberg, while at the same time acknowledging its failure; 3.) reflecting on the historical evolution of Fine Arts from the primacy of painting as a specific privileged avenue for art production to the general ""art at large"" espoused by later theorists and practitioners of contemporary art.For Thierry de Duve there is no difference between modern, post-modern and contemporary art: the same logic rules from the beginning. Art has no essence; it is simply what we call by that name. Borrowing from Lacanian identity theory, Duve argues that the human brain develops prematurely, and the drive to create and consume art arises from neotenous desires that condition all humans. Thus for him, the enterprise of art remains utterly tragic: accounting for and responding to messianic desires of how life should be while at the same time informed by a postmodern weariness of modernism's naivety and inevitable failure.With his colleague Jean Guiraud he co-founded the free institute of Fine Art, École de Recherche Graphique (ERG), in Brussels, 1972. He curated the Belgian Pavilion at the Venice Biennale in 2003. He has been a visiting professor at: the University of Lille III (France), the Sorbonne (France), MIT, and Johns Hopkins University, and was the Elliot and Roslyn Jaffe Distinguished Visiting Professor in Contemporary Art in Penn's History of Art Department. He was a fellow at the Center for the Advanced Study of the Visual Arts (CASVA) at the National Gallery of Art in Washington, D.C. In 2000, he curated the exhibition ""Here - 100 years of contemporary art,"" at the Palais des Beaux-Arts in Brussels.","several books on the artist Marcel Duchamp, including: Pictorial Nominalism; On Marcel Duchamp's Passage from Painting to the Readymade (1991)"
Shashi Tharoor,https://images.gr-assets.com/authors/1259658998p5/17287.jpg,"Shashi Tharoor is a member of the Indian Parliament from the Thiruvananthapuram constituency in Kerala. He previously served as the United Nations Under-Secretary General for Communications and Public Information and as the Indian Minister of State for External Affairs.He is also a prolific author, columnist, journalist and a human rights advocate.He has served on the Board of Overseers of the Fletcher School of Law and Diplomacy at Tufts University. He is also an adviser to the International Committee of the Red Cross in Geneva and a Fellow of the New York Institute of the Humanities at New York University. He has also served as a trustee of the Aspen Institute, and the Advisory of the Indo-American Arts Council, the American India Foundation, the World Policy Journal, the Virtue Foundation and the human rights organization Breakthrough He is also a Patron of the Dubai Modern High School and the managing trustee of the Chandran Tharoor Foundation which he founded with his family and friends in the name of his late father, Chandran Tharoor.Tharoor has written numerous books in English. Most of his literary creations are centred on Indian themes and they are markedly “Indo-nostalgic.” Perhaps his most famous work is The Great Indian Novel, published in 1989, in which he uses the narrative and theme of the famous Indian epic Mahabharata to weave a satirical story of Indian life in a non-linear mode with the characters drawn from the Indian Independence Movement. His novel Show Business (1992) was made into the film 'Bollywood'(1994). The late Ismail Merchant had announced his wish to make a film of Tharoor’s novel Riot shortly before Merchant’s death in 2005.Tharoor has been a highly-regarded columnist in each of India's three best-known English-language newspapers, most recently for The Hindu newspaper (2001–2008) and in a weekly column, “Shashi on Sunday,” in the Times of India (January 2007 – December 2008). Following his resignation as Minister of State for External Affairs, he began a fortnightly column on foreign policy issues in the ""Deccan Chronicle"". Previously he was a columnist for the Gentleman magazine and the Indian Express newspaper, as well as a frequent contributor to Newsweek International and the International Herald Tribune. His Op-Eds and book reviews have appeared in the Washington Post, the New York Times and the Los Angeles Times, amongst other papers.Tharoor began writing at the age of 6 and his first published story appeared in the “Bharat Jyoti”, the Sunday edition of the ""Free press Journal"", in Mumbai at age 10. His World War II adventure novel Operation Bellows, inspired by the Biggles books, was serialized in the Junior Statesman starting a week before his 11th birthday. Each of his books has been a best-seller in India. The Great Indian Novel is currently in its 28th edition in India and his newest volume. The Elephant, the Tiger and the Cellphone has undergone seven hardback re-printings there.Tharoor has lectured widely on India, and is often quoted for his observations, including, ""India is not, as people keep calling it, an underdeveloped country, but rather, in the context of its history and cultural heritage, a highly developed one in an advanced state of decay."". He has also coined a memorable comparison of India's ""thali"" to the American ""melting pot"": ""If America is a melting pot, then to me India is a thali--a selection of sumptuous dishes in different bowls. Each tastes different, and does not necessarily mix with the next, but they belong together on the same plate, and they complement each other in making the meal a satisfying repast.""","numerous books in English. Most of his literary creations are centred on Indian themes and they are markedly “Indo-nostalgic.” Perhaps his most famous work is The Great Indian Novel, published in 1989, in which he uses the narrative and theme of the famous Indian epic Mahabharata to weave a satirical story of Indian life in a non-linear mode with the characters drawn from the Indian Independence Movement. His novel Show Business (1992)"
Maxine Hong Kingston,https://images.gr-assets.com/authors/1202527632p5/17290.jpg,"She was born as Maxine Ting Ting Hong to a laundry house owner in Stockton, California. She was the third of eight children, and the first among them born in the United States. Her mother trained as a midwife at the To Keung School of Midwifery in Canton. Her father had been brought up a scholar and taught in his village of Sun Woi, near Canton. Tom left China for America in 1924 and took a job in a laundry.Her works often reflect on her cultural heritage and blend fiction with non-fiction. Among her works are The Woman Warrior (1976), awarded the National Book Critics Circle Award for Nonfiction, and China Men (1980), which was awarded the 1981 National Book Award. She has written one novel, Tripmaster Monkey, a story depicting a character based on the mythical Chinese character Sun Wu Kong. Her most recent books are To Be The Poet and The Fifth Book of Peace.She was awarded the 1997 National Humanities Medal by President of the United States Bill Clinton. Kingston was a member of the committee to choose the design for the California commemorative quarter. She was arrested in March 2003 in Washington, D.C., for crossing a police line during a protest against the war in Iraq. In April, 2007, Hong Kingston was awarded the Northern California Book Award Special Award in Publishing for her most recent novel Veterans of War, Veterans of Peace (2006), edited by Maxine Hong Kingston.She married actor Earl Kingston in 1962 (IMDb bio); they have had one child, Joseph Lawrence Chung Mei, born in 1964. They now live in Oakland.Kingston was honored as a 175th Speaker Series writer at Emma Willard School in September 2005.","one novel, Tripmaster Monkey, a story depicting a character based on the mythical Chinese character Sun Wu Kong. Her most recent books are To Be The Poet and The Fifth Book of Peace.She was awarded the 1997 National Humanities Medal by President of the United States Bill Clinton. Kingston was a member of the committee to choose the design for the California commemorative quarter. She was arrested in March 2003 in Washington, D.C., for crossing a police line during a protest against the war in Iraq. In April, 2007, Hong Kingston was awarded the Northern California Book Award Special Award in Publishing for her most recent novel Veterans of War, Veterans of Peace (2006)"
Catherine Gaskin,https://images.gr-assets.com/authors/1279652003p5/18088.jpg,"Catherine Gaskin (2 April 1929 – 6 September 2009) historical fiction and romantic suspense.She was born in Dundalk Bay, Louth, Ireland in 1929. When she was only three months old, her parents moved to Australia, settling in Coogee, a suburb of Sydney, where she grew up. Her first novel This Other Eden, was written when she was 15 and published two years later. After her second novel, With Every Year, was published, she moved to London. Three best-sellers followed: Dust in Sunlight (1950), All Else is Folly (1951), and Daughter of the House (1952). She completed her best known work, Sara Dane, on her 25th birthday in 1954, and it was published in 1955. It sold more than 2 million copies, was translated into a number of other languages, and was made into a television series in Australia in 1982. Other novels included A Falcon for the Queen (1972) and The Summer of the Spanish Woman (1977). Catherine Gaskin moved to Manhattan for ten years, after marrying an American. She then moved to the Virgin Islands, then in 1967 to Ireland, where she became an Irish citizen. She also lived on the Isle of Man. Her last novel was The Charmed Circle (1988). She then returned to Sydney, where she died in September 2009, aged 80, of ovarian cancer.","when she was 15 and published two years later. After her second novel, With Every Year, was published, she moved to London. Three best-sellers followed: Dust in Sunlight (1950)"
Jim Dawson,https://images.gr-assets.com/authors/1400036974p5/18169.jpg,"Dawson has also written extensively about early rock and roll and rhythm and blues, including 'What Was the First Rock 'n' Roll Record?' which Mojo magazine called 'one of the best musical reads of [1993].' His 1980 cover story on Ritchie Valens in the Calendar section of the Los Angeles Times led directly to the reissue of the forgotten rock 'n' roller's recordings and the making of the biopic La Bamba, which used some of Dawson's research.Jim Dawson is a Hollywood, California-based writer who has specialized in American pop culture (especially early rock 'n' roll) and the history of flatulence (three books so far, including his 1999 top-seller, ""Who Cut the Cheese? A Cultural History of the Fart""). Mojo magazine called his What Was the First Rock 'n' Roll Record (1992), co-written with Steve Propes, ""one of the most impressive musical reads of the year""; it remains a valuable source for music critics and rock historians, and an updated second edition is currently available on Kindle. Dawson has also written a series of articles on early rhythm and blues and rock 'n' roll pioneers for the Los Angeles Times, including a front-page story in the Calendar entertainment section on the forgotten tragic figure Ritchie Valens. The piece led directly to Rhino Records reissuing Valens' entire catalog (with Dawson's liner notes) and eventually to the 1987 biopic ""LaBamba,"" which used some of Dawson's research. Since 1983 Dawson has also written liner notes for roughly 150 albums and CDs, including Rhino's prestigious ""Central Avenue Sounds"" box set celebrating the history of jazz and early R&amp;B in Los Angeles. His most recent book (2012) is ""Los Angeles's Bunker Hill: Pulp Fiction's Mean Streets and Film Noir's Ground Zero.""","extensively about early rock and roll and rhythm and blues, including 'What Was the First Rock 'n' Roll Record?' which Mojo magazine called 'one of the best musical reads of [1993].' His 1980 cover story on Ritchie Valens in the Calendar section of the Los Angeles Times led directly to the reissue of the forgotten rock 'n' roller's recordings and the making of the biopic La Bamba, which used some of Dawson's research.Jim Dawson is a Hollywood, California-based writer who has specialized in American pop culture (especially early rock 'n' roll) and the history of flatulence (three books so far, including his 1999 top-seller, ""Who Cut the Cheese? A Cultural History of the Fart""). Mojo magazine called his What Was the First Rock 'n' Roll Record (1992); with Steve Propes, ""one of the most impressive musical reads of the year""; it remains a valuable source for music critics and rock historians, and an updated second edition is currently available on Kindle. Dawson has also written a series of articles on early rhythm and blues and rock 'n' roll pioneers for the Los Angeles Times, including a front-page story in the Calendar entertainment section on the forgotten tragic figure Ritchie Valens. The piece led directly to Rhino Records reissuing Valens' entire catalog (with Dawson's liner notes) and eventually to the 1987 biopic ""LaBamba,"" which used some of Dawson's research. Since 1983 Dawson has also written liner notes for roughly 150 albums and CDs, including Rhino's prestigious ""Central Avenue Sounds"" box set celebrating the history of jazz and early R&amp;B in Los Angeles. His most recent book (2012)"
Michio Kaku,https://images.gr-assets.com/authors/1379758804p5/18800.jpg,"(Arabic: ميشيو كاكوRussian:  Митио КакуChinese: 加來道雄Japanese: ミチオ・カク)Dr. Michio Kaku is an American theoretical physicist at the City College of New York , best-selling author, a futurist, and a communicator and popularizer of science. He has written several books about physics and related topics of science.He has written two New York Times Best Sellers, Physics of the Impossible (2008) and Physics of the Future (2011).Dr. Michio is the co-founder of string field theory (a branch of string theory), and continues Einstein’s search to unite the four fundamental forces of nature into one unified theory.Kaku was a Visitor and Member (1973 and 1990) at the Institute for Advanced Study in Princeton, and New York University. He currently holds the Henry Semat Chair and Professorship in theoretical physics at the City College of New York.","several books about physics and related topics of science.He has written two New York Times Best Sellers, Physics of the Impossible (2008)"
Roger Angell,https://images.gr-assets.com/authors/1389625724p5/18856.jpg,"Roger Angell (b. 1920) is a celebrated New Yorker writer and editor. First published in the magazine in 1944, he became a fiction editor and regular contributor in 1956; and remains as a senior editor and staff writer. In addition to seven classic books on baseball, which include The Summer Game (1972), Five Seasons (1977), and Season Ticket (1988), he has written works of fiction, humor, and a memoir, Let Me Finish (2006).","works of fiction, humor, and a memoir, Let Me Finish (2006)"
Elizabeth Lowell,https://images.gr-assets.com/authors/1285987020p5/19051.jpg,"Individually and with co-author/husband Evan, Ann Maxwell has written over 60 novels and one work of non-fiction. There are 30 million copies of these books in print, as well as reprints in 30 foreign languages. Her novels range from science fiction to historical fiction, from romance to mystery. After working in contemporary and historical romance, she became an innovator in the genre of romantic suspense.In 1982, Ann began publishing as Elizabeth Lowell. Under that name she has received numerous professional awards in the romance field, including a Lifetime Achievement award from the Romance Writers of America (1994).Since July of 1992, she has had over 30 novels on the New York Times bestseller list. In 1998 she began writing suspense with a passionate twist, capturing a new audience and generation of readers. Her new romance novel Perfect Touch will be available in July of 2015.To get a full list of titles as well as read excerpts from her novels, visit www.elizabethlowell.com.","over 60 novels and one work of non-fiction. There are 30 million copies of these books in print, as well as reprints in 30 foreign languages. Her novels range from science fiction to historical fiction, from romance to mystery. After working in contemporary and historical romance, she became an innovator in the genre of romantic suspense.In 1982, Ann began publishing as Elizabeth Lowell. Under that name she has received numerous professional awards in the romance field, including a Lifetime Achievement award from the Romance Writers of America (1994)"
Donald Richie,https://images.gr-assets.com/authors/1269442236p5/19871.jpg,"Donald Richie is an American-born author who has written about the Japanese people and Japanese cinema. Although he considers himself only a writer, Richie has directed many experimental films, the first when he was 17. Although Richie speaks Japanese fluently, he can neither read nor write it.During World War II, he served aboard Liberty ships as a purser and medical officer. By then he had already published his first work, ""Tumblebugs"" (1942), a short story.In 1947, Richie first visited Japan with the American occupation force, a job he saw as an opportunity to escape from Lima, Ohio. He first worked as a typist, and then as a civilian staff writer for the Pacific Stars and Stripes. While in Tokyo, he became fascinated with Japanese culture, particularly Japanese cinema. He was soon writing movie reviews in the Stars and Stripes. In 1948 he met Kashiko Kawakita who introduced him to Yasujiro Ozu. During their long friendship, Richie and Kawakita collaborated closely in promoting Japanese film in the West.After returning to the United States, he enrolled at Columbia University's School of General Studies in 1949, and received his Bachelor's Degree in English in 1953. Richie then returned to Japan as film critic for the The Japan Times and spent much of the second half of the twentieth century living there. In 1959, he published his first book, The Japanese Film: Art and Industry, coauthored with Joseph Anderson. In this work, the authors gave the first English language account of Japanese film. Richie served as Curator of Film at the New York Museum of Modern Art from 1969 to 1972. In 1988, he was invited to become the first guest director at the Telluride Film Festival.Among his most noted works on Japan are The Inland Sea, a travel classic, and Public People, Private People, a look at some of Japan's most significant and most mundane people. He has compiled two collections of essays on Japan: A Lateral View and Partial Views. A collection of his writings has been published to commemorate fifty years of writing about Japan: The Donald Richie Reader. The Japan Journals: 1947-2004 consists of extended excerpts from his diaries.In 1991, filmmakers Lucille Carra and Brian Cotnoir produced a film version of The Inland Sea, which Richie narrated. Produced by Travelfilm Company, the film won numerous awards, including Best Documentary at the Hawaii International Film Festival (1991) and the Earthwatch Film Award. It screened at the Sundance Film Festival in 1992.Author Tom Wolfe describes Richie as: ""the Lafcadio Hearn of our time, a subtle, stylish, and deceptively lucid medium between two cultures that confuse one another: the Japanese and the American.""Richie's most widely recognized accomplishment has been his analysis of Japanese cinema. From his first published book, Richie has revised not only the library of films he discusses, but the way he analyzes them. With each subsequent book, he has focused less on film theory and more on the conditions in which the films were made. One thing that has emerged in his works is an emphasis on the ""presentational"" nature of Japan's cinema, in contrast to the ""representational"" films of the West. His book, A Hundred Years Of Japanese Film includes a helpful guide to the availability of the films on home video and DVD mentioned in the main text. In the foreword to this book, Paul Schrader says: ""Whatever we in the West know about Japanese film, and how we know it, we most likely owe to Donald Richie."" Richie also has written analyses of two of Japan's best known filmmakers: Yasujiro Ozu and Akira Kurosawa.Richie has written the English subtitles for Akira Kurosawa's films Kagemusha (1980) and Dreams (1990)[8].In the 21st century, Richie has become noted for his erudite audio commentaries for The Criterion Collection on DVDs of various classic Japanese films, notably those of Ozu (A Story of Floating Weeds, Early Summer), Mikio Naruse (When a Woman Ascend","about the Japanese people and Japanese cinema. Although he considers himself only a writer, Richie has directed many experimental films, the first when he was 17. Although Richie speaks Japanese fluently, he can neither read nor write it.During World War II, he served aboard Liberty ships as a purser and medical officer. By then he had already published his first work, ""Tumblebugs"" (1942); analyses of two of Japan's best known filmmakers: Yasujiro Ozu and Akira Kurosawa.Richie has written the English subtitles for Akira Kurosawa's films Kagemusha (1980)"
Steven Barnes,https://images.gr-assets.com/authors/1284667688p5/20058.jpg,"Steven Barnes (born March 1, 1952, Los Angeles, California) is an African American science fiction writer, lecturer, creative consultant, and human performance technician. He has written several episodes of The Outer Limits and Baywatch, as well as the Stargate SG-1 episode ""Brief Candle"" and the Andromeda episode ""The Sum of its Parts"". Barnes' first published piece of fiction, the novelette The Locusts (1979), written with Larry Niven, and was a Hugo Award nominee.","several episodes of The Outer Limits and Baywatch, as well as the Stargate SG-1 episode ""Brief Candle"" and the Andromeda episode ""The Sum of its Parts"". Barnes' first published piece of fiction, the novelette The Locusts (1979)"
Richard Buskin,https://images.gr-assets.com/authors/1476657187p5/20205.jpg,"A New York Times bestselling author, Richard Buskin is also a full-time freelance journalist, specializing in pop culture, music, film, television, and sociopolitical affairs. Since the early-Eighties, he has conducted interviews and written regular feature articles for a wide variety of publications in the US, the UK, France, Germany, Japan and Australia, dealing with all aspects of the entertainment business: the artistic, the technical and the entrepreneurial.A native of London, England, who relocated to America in 1995, Richard has had his work published in newspapers ranging from the New York Post and the Sydney Morning Herald to Britain's Observer, Independent and Daily Mail, as well as magazines such as Playboy (US, Brazilian, Czech, French, Japanese and Polish editions), Stern (Germany) and Paris Match (France). He has also written for numerous music publications around the world, including Billboard, Spin, Musician, Mix, Musik Express, Melody Maker, Sound On Sound and Performance (for which he was a senior editor and UK bureau chief), and movie journals such as Film Review and Films &amp; Filming, in addition to authoring/co-authoring more than 20 non-fiction books.Among these are Inside Tracks: A First-Hand History of Popular Music from the World's Greatest Record Producers and Engineers (Avon Books, 1999); Blonde Heat: The Sizzling Screen Career of Marilyn Monroe (Billboard Books, 2001); Sheryl Crow: No Fool to This Game (Billboard Books, 2002); Phyllis Diller´s autobiography, Like a Lampshade in a Whorehouse: My Life in Comedy (Penguin/Tarcher, 2005); Effortless Style with celebrity fashion stylist June Ambrose (Simon &amp; Schuster, 2006); Dream in Color: How the Sánchez Sisters are Making History in Congress with Congresswomen Linda and Loretta Sánchez (Grand Central, 2008); Die Trying: One Man's Quest to Conquer the Seven Summits with mountaineer Bo Parfet (Amacom, 2009); One from the Hart with actress Stefanie Powers (uncredited, Simon &amp; Schuster, 2010); It's Not Really About the Hair with Tabatha Coffey, star of Bravo's hit TV reality show Tabatha's Salon Takeover (HarperCollins, 2011); Whitney Houston: The Voice, The Music, The Inspiration with musician/producer Narada Michael Walden (Insight Editions, 2012); and Classic Tracks: The Real Stories Behind 68 Seminal Recordings (Sample Magic, 2012). A co-author and consulting editor on the Billboard Illustrated Encyclopedia of Music (2003) and the Definitive Illustrated Encyclopedia of Rock (Flame Tree, 2006), Richard is presently involved in the planning and writing of several new books.Richard Buskin has provided sleeve notes for records and videos; penned narrative material for DVD; written press releases and publicity bios for the likes of Aerosmith and Michael Jackson; served as a researcher and on-screen entertainment expert for television networks in the US and the UK; lectured journalism students at Chicago’s Northwestern University, as well as PACE program students at National-Louis University; and been interviewed on numerous TV and radio shows, including CBS's Entertainment Tonight, A&amp;E's Biography, E! Entertainment's True Hollywood Story, AMC's Backstory and the BBC Television News. He lives in Chicago.","regular feature articles for a wide variety of publications in the US, the UK, France, Germany, Japan and Australia, dealing with all aspects of the entertainment business: the artistic, the technical and the entrepreneurial.A native of London, England, who relocated to America in 1995, Richard has had his work published in newspapers ranging from the New York Post and the Sydney Morning Herald to Britain's Observer, Independent and Daily Mail, as well as magazines such as Playboy (US, Brazilian, Czech, French, Japanese and Polish editions), Stern (Germany) and Paris Match (France). He has also written for numerous music publications around the world, including Billboard, Spin, Musician, Mix, Musik Express, Melody Maker, Sound On Sound and Performance (for which he was a senior editor and UK bureau chief), and movie journals such as Film Review and Films &amp; Filming, in addition to authoring/co-authoring more than 20 non-fiction books.Among these are Inside Tracks: A First-Hand History of Popular Music from the World's Greatest Record Producers and Engineers (Avon Books, 1999); Blonde Heat: The Sizzling Screen Career of Marilyn Monroe (Billboard Books, 2001); Sheryl Crow: No Fool to This Game (Billboard Books, 2002); Phyllis Diller´s autobiography, Like a Lampshade in a Whorehouse: My Life in Comedy (Penguin/Tarcher, 2005); Effortless Style with celebrity fashion stylist June Ambrose (Simon &amp; Schuster, 2006); Dream in Color: How the Sánchez Sisters are Making History in Congress with Congresswomen Linda and Loretta Sánchez (Grand Central, 2008); Die Trying: One Man's Quest to Conquer the Seven Summits with mountaineer Bo Parfet (Amacom, 2009); One from the Hart with actress Stefanie Powers (uncredited, Simon &amp; Schuster, 2010); It's Not Really About the Hair with Tabatha Coffey, star of Bravo's hit TV reality show Tabatha's Salon Takeover (HarperCollins, 2011); Whitney Houston: The Voice, The Music, The Inspiration with musician/producer Narada Michael Walden (Insight Editions, 2012); and Classic Tracks: The Real Stories Behind 68 Seminal Recordings (Sample Magic, 2012). A co-author and consulting editor on the Billboard Illustrated Encyclopedia of Music (2003)"
Patrick Marber,https://images.gr-assets.com/authors/1332700671p5/20281.jpg,"Patrick Albert Crispin Marber is an English comedian, playwright, director, puppeteer, actor and screenwriter. After working for a few years as a stand-up comedian, Marber was a writer and cast member on the radio shows On the Hour and Knowing Me, Knowing You, and their television spinoffs The Day Today and Knowing Me, Knowing You... with Alan Partridge. Amongst other roles, Marber portrayed the hapless reporter Peter O'Hanrahahanrahan in both On the Hour and The Day Today.His first play was Dealer's Choice, which he also directed. Set in a restaurant and based around a game of poker (and partly inspired by his own experiences with gambling addiction), it opened at the National Theatre in February 1995, and won the 1995 Evening Standard Award for Best Comedy.After Miss Julie, a version of the Strindberg play Miss Julie, was broadcast on BBC television in the same year. In this, Marber moves the action to Britain in 1945, at the time of the Labour Party's victory in the general election, with Miss Julie as the daughter of a Labour peer. A stage version, directed by Michael Grandage, was first performed 2003 at the Donmar Warehouse, London by Kelly Reilly, Richard Coyle and Helen Baxendale. It later had a production at the American Airlines Theatre on Broadway in 2009.His play Closer, a comedy of sex, dishonesty and betrayal, opened at the National Theatre in 1997, again directed by Marber. This too won the Evening Standard award for Best Comedy, as well as the Critics' Circle Theatre Awards and Laurence Olivier awards for Best New Play. It has proved to be an international success, having been translated into thirty languages. A screen adaptation, written by Marber, was released in 2004, directed by Mike Nichols and starring Julia Roberts, Jude Law, Natalie Portman and Clive Owen.In Howard Katz, his next play, Marber presented very different subject matter: a middle-aged man struggling with life, death and religion. This was first performed in 2001, again at the National Theatre, but was less favourably received by the critics and has been less of a commercial success than some of his other work. A new production by the Roundabout Theatre Company opened Off-Broadway in March 2007, with Alfred Molina in the title role. A play for young people, The Musicians, about a school orchestra's visit to Russia, was performed for the National Theatre's Shell Connections programme in 2004, its first production being at the Sydney Opera House.Don Juan in Soho, his contemporary rendering of Molière's comedy Don Juan, opened at the Donmar Warehouse in 2006, directed by Michael Grandage and with Rhys Ifans in the lead role.He also co-wrote the screenplay for Asylum (2005), directed by David Mackenzie, and was sole screenwriter for the film Notes on a Scandal (2006), for which he earned an Academy Award nomination for Best Adapted Screenplay.In 2004, Marber was Cameron Mackintosh Professor of Contemporary Theatre at Oxford University.","by Marber, was released in 2004, directed by Mike Nichols and starring Julia Roberts, Jude Law, Natalie Portman and Clive Owen.In Howard Katz, his next play, Marber presented very different subject matter: a middle-aged man struggling with life, death and religion. This was first performed in 2001, again at the National Theatre, but was less favourably received by the critics and has been less of a commercial success than some of his other work. A new production by the Roundabout Theatre Company opened Off-Broadway in March 2007, with Alfred Molina in the title role. A play for young people, The Musicians, about a school orchestra's visit to Russia, was performed for the National Theatre's Shell Connections programme in 2004, its first production being at the Sydney Opera House.Don Juan in Soho, his contemporary rendering of Molière's comedy Don Juan, opened at the Donmar Warehouse in 2006, directed by Michael Grandage and with Rhys Ifans in the lead role.He also co-wrote the screenplay for Asylum (2005)"
Adrian Furnham,https://images.gr-assets.com/authors/1579629073p5/20285.jpg,"Adrian Furnham (born 3 February 1953) is a South African-born British organisational and applied psychologist, management expert and Professor of Psychology at University College London. In addition to his academic roles, he is a consultant on organizations.Furnham was educated at the London School of Economics where he obtained a distinction in an MSc Econ., and at Oxford University where he completed a doctorate (D.Phil) in 1981. He has subsequently earned a D.Sc (1991) and D.Litt (1995) degree. Previously a lecturer in Psychology at Pembroke College, Oxford, he has been Professor of Psychology at University College London since 1992. He has lectured widely abroad and held scholarships and visiting professorships at, amongst others, the University of New South Wales, the University of the West Indies, the University of Hong Kong and the University of KwaZulu-Natal. He has also been a Visiting Professor of Management at Henley Management College. He has recently been made Adjunct Professor of Management at the Norwegian School of Management (2009).Adrian FurnhamHe has written over 700 scientific papers and 57 books including The Protestant Work Ethic (1990) Culture Shock (1994), The New Economic Mind (1995), Personality at Work (1994), The Myths of Management (1996), The Psychology of Behaviour at Work (1997), The Psychology of Money (1998), The Psychology of Culture Shock (2001)The Incompetent Manager (2003), The Dark Side of Behaviour at Work (2004), The People Business (2005) Personality and Intellectual Competence (2005) Management Mumbo-Jumbo (2006) Head and Heart Management (2007) The Psychology of Physical Attraction (2007) The Body Beautiful (2007) Personality and Intelligence at Work (2008) Management Intelligence (2008) Dim Sum Management (2008) The Economic Socialisation of Children (2008) 50 Psychology Ideas you really need to know (2009) The Elephant in the Boardroom: The Psychology of Leadership Derailment (2009).",over 700 scientific papers and 57 books including The Protestant Work Ethic (1990)
Dave Hickey,https://images.gr-assets.com/authors/1323954057p5/20768.jpg,"David Hickey (born circa 1939) is an American art and cultural critic. He has written for many American publications including Rolling Stone, Art News, Art in America, Artforum, Harper's Magazine, and Vanity Fair. He is currently Professor of English at the University of Nevada Las Vegas and Distinguished Professor of Criticism for the MFA Program in the Department of Art &amp; Art History at the University of New Mexico.Known for his arguments against academicism and in favor of the effects of rough-and-tumble free markets on art, his critical essays have been published in two volumes: The Invisible Dragon: Four Essays on Beauty (1993) and Air Guitar: Essays on Art and Democracy (1997). In 2009, Hickey published a revised and updated version of The Invisible Dragon, adding an introduction that addressed changes in the art world since the book's original publication, as well as a new concluding essay. He has been the subject of profiles in The New York Times, The Los Angeles Times, U.S. News and World Report, Texas Monthly, and elsewhere. He was the recipient of a MacArthur Fellowship, the so-called ""genius grant.""Hickey graduated from Texas Christian University in 1961 and received his PhD from the University of Texas two years later. In 1989, SMU Press published Prior Convictions, a volume of his short fiction. He was owner-director of A Clean Well-Lighted Place, an art gallery in Austin, Texas and director of Reese Palley Gallery in New York. He has served as Executive Editor for Art in America magazine, as contributing editor to The Village Voice, as Staff Songwriter for Glaser Publications in Nashville and as Arts Editor for the Fort Worth Star-Telegram.In 1994, he received the Frank Jewett Mather Award for art criticism from the College Art Association.[1] In 2003, he was inducted into the Nevada Writers Hall of Fame, sponsored by the Friends of the University of Nevada, Reno Libraries.","for many American publications including Rolling Stone, Art News, Art in America, Artforum, Harper's Magazine, and Vanity Fair. He is currently Professor of English at the University of Nevada Las Vegas and Distinguished Professor of Criticism for the MFA Program in the Department of Art &amp; Art History at the University of New Mexico.Known for his arguments against academicism and in favor of the effects of rough-and-tumble free markets on art, his critical essays have been published in two volumes: The Invisible Dragon: Four Essays on Beauty (1993)"
Jane Gardam,https://images.gr-assets.com/authors/1264017642p5/20838.jpg,"Jane Mary Gardam OBE is a British author of children's and adult fiction. She also reviews for the Spectator and the Telegraph, and writes for BBC radio. She lives in Kent, Wimbledon and Yorkshire. She has won numerous literary awards including the Whitbread Award, twice. She is mother of Tim Gardam, Principal of St Anne's College, Oxford. Jane has been awarded the Heywood Hill Literary Prize for a lifetime’s contribution to the enjoyment of literature and has been shortlisted for the Booker Prize.Her first book for adults, Black Faces, White Faces (1975), a collection of linked short stories about Jamaica, won both the David Higham Prize for Fiction and the Winifred Holtby Memorial Prize. Subsequent collections of short stories include The Pangs of Love and Other Stories (1983), winner of the Katherine Mansfield Award; Going into a Dark House (1994), which was awarded the PEN/Macmillan Silver Pen Award (1995); and Missing the Midnight: Hauntings &amp; Grotesques (1997).Jane Gardam's first novel for adults, God on the Rocks (1978), a coming-of-age novel set in the 1930s, was adapted for television in 1992. It won the Prix Baudelaire (France) in 1989 and was shortlisted for the Booker Prize for Fiction. Her other novels include The Queen of the Tambourine (1991), a haunting tale about a woman's fascination with a mysterious stranger, which won the Whitbread Novel Award; Faith Fox (1996), a portrait of England in the 1990s; and The Flight of the Maidens (2000), set just after the Second World War, which narrates the story of three Yorkshire schoolgirls on the brink of university and adult life. This book was adapted for BBC Radio 4's Woman's Hour. In 1999 Jane Gardam was awarded the Heywood Hill Literary Prize in recognition of a distinguished literary career.Her non-fiction includes a book about the Yorkshire of her childhood in The Iron Coast (1994), published with photographs by Peter Burton and Harland Walshaw.She also writes for children and young adults. Her novel Bilgewater (1977), originally written for children, has now been re-classified as adult fiction. She was awarded the Whitbread Children's Book Award for The Hollow Land (1981) and is the author of A Few Fair Days (1971), a collection of short stories for children set on a Cumberland farm, and two novels for teenagers, A Long Way From Verona (1971), which explores a wartime childhood in Yorkshire, and The Summer After the Funeral (1973), a story about a loss of innocence after the death of a father.Jane Gardam is a member of PEN and a Fellow of the Royal Society of Literature. She is married with three children and divides her time between East Kent and Yorkshire.","for children, has now been re-classified as adult fiction. She was awarded the Whitbread Children's Book Award for The Hollow Land (1981)"
Joseph A. Tainter,https://images.gr-assets.com/authors/1384290954p5/20895.jpg,"Joseph Tainter studied anthropology at the University of California, Berkeley and Northwestern University, where he received his Ph.D. in 1975.[1] As of 2012 he holds a professorship in the Department of Environment and Society at Utah State University. His previous positions include Project Leader of Cultural Heritage Research, Rocky Mountain Forest and Range Experiment Station, Albuquerque, New Mexico and Professor of Anthropology at the University of New Mexico.Tainter has written or edited many articles and monographs. His arguably best-known work, The Collapse of Complex Societies (1988), examines the collapse of Maya and Chacoan civilizations,[2] and of the Western Roman Empire, in terms of network theory, energy economics and complexity theory. Tainter argues that sustainability or collapse of societies follow from the success or failure of problem-solving institutions[3] and that societies collapse when their investments in social complexity and their ""energy subsidies"" reach a point of diminishing marginal returns. He recognizes collapse when a society rapidly sheds a significant portion of its complexity.","or edited many articles and monographs. His arguably best-known work, The Collapse of Complex Societies (1988)"
Robinson Jeffers,https://images.gr-assets.com/authors/1285632345p5/21218.jpg,"John Robinson Jeffers (January 10, 1887 – January 20, 1962) was an American poet, known for his work about the central California coast. Most of Jeffers' poetry was written in classic narrative and epic form, but today he is also known for his short verse, and considered an icon of the environmental movement.The largest collections of Jeffers' manuscripts and materials are in the Harry Ransom Humanities Research Center at the University of Texas at Austin and in the libraries at Occidental College, the University of California, and Yale University. A collection of his letters has been published as The Selected Letters of Robinson Jeffers, 1887–1962 (1968). Other books of criticism and poetry by Jeffers are: Poetry, Gongorism and a Thousand Years (1949), Themes in My Poems (1956), Robinson Jeffers: Selected Poems (1965), The Alpine Christ and Other Poems (1974), What Odd Expedients"" and Other Poems (1981), and Rock and Hawk: A Selection of Shorter Poems by Robinson Jeffers (1987).Stanford University Press recently released a five-volume collection of the complete works of Robinson Jeffers. In an article titled, ""A Black Sheep Joins the Fold"", written upon the release of the collection in 2001, Stanford Magazine commented that it was remarkable that, due to a number of circumstances, ""there was never an authoritative, scholarly edition of California’s premier bard""until the complete works published by Stanford.Biographical studies include George Sterling, Robinson Jeffers: The Man and the Artist (1926); Louis Adamic, Robinson Jeffers (1929); Melba Bennett, Robinson Jeffers and the Sea (1936) and The Stone Mason of Tor House (1966); Edith Greenan, Of Una Jeffers (1939); Mabel Dodge Luhan, Una and Robin (1976; written in 1933); Ward Ritchie, Jeffers: Some Recollections of Robinson Jeffers (1977); and James Karman, Robinson Jeffers: Poet of California (1987). Books about Jeffers's career include L. C. Powell, Robinson Jeffers: The Man and His Work (1940; repr. 1973); William Everson, Robinson Jeffers: Fragments of an Older Fury (1968); Arthur B. Coffin, Robinson Jeffers: Poet of Inhumanism (1971); Bill Hotchkiss, Jeffers: The Sivaistic Vision (1975); James Karman, ed., Critical Essays on Robinson Jeffers (1990); Alex Vardamis The Critical Reputation of Robinson Jeffers (1972); and Robert Zaller, ed., Centennial Essays for Robinson Jeffers (1991). The Robinson Jeffers Newsletter, ed. Robert Brophy, is a valuable scholarly resource.In a rare recording, Jeffers can be heard reading his ""The Day Is A Poem"" (September 19, 1939) on Poetry Speaks – Hear Great Poets Read Their Work from Tennyson to Plath, Narrated by Charles Osgood (Sourcebooks, Inc., c2001), Disc 1, #41; including text, with Robert Hass on Robinson Jeffers, pp. 88–95. Jeffers was also on the cover of Time – The Weekly Magazine, April 4, 1932 (pictured on p. 90. Poetry Speaks).""Jeffers Studies"", a journal of research on the poetry of Robinson Jeffers and related topics, is published semi-annually by the Robinson Jeffers Association.","in classic narrative and epic form, but today he is also known for his short verse, and considered an icon of the environmental movement.The largest collections of Jeffers' manuscripts and materials are in the Harry Ransom Humanities Research Center at the University of Texas at Austin and in the libraries at Occidental College, the University of California, and Yale University. A collection of his letters has been published as The Selected Letters of Robinson Jeffers, 1887–1962 (1968); upon the release of the collection in 2001, Stanford Magazine commented that it was remarkable that, due to a number of circumstances, ""there was never an authoritative, scholarly edition of California’s premier bard""until the complete works published by Stanford.Biographical studies include George Sterling, Robinson Jeffers: The Man and the Artist (1926); in 1933); Ward Ritchie, Jeffers: Some Recollections of Robinson Jeffers (1977)"
Richard A. Posner,https://images.gr-assets.com/authors/1354902090p5/21426.jpg,"Richard Posner is Senior Lecturer in Law at the University of Chicago Law School. Following his graduation from Harvard Law School, Judge Posner clerked for Justice William J. Brennan Jr. From 1963 to 1965, he was assistant to Commissioner Philip Elman of the Federal Trade Commission. For the next two years he was assistant to the solicitor general of the United States. Prior to going to Stanford Law School in 1968 as Associate Professor, Judge Posner served as general counsel of the President's Task Force on Communications Policy. He first came to the Law School in 1969, and was Lee and Brena Freeman Professor of Law prior to his appointment in 1981 as a judge of the U.S. Court of Appeals for the Seventh Circuit, where he presided until his retirement on September 2, 2017. He was the chief judge of the court from 1993 to 2000. Judge Posner has written a number of books, including Economic Analysis of Law (7th ed., 2007), The Economics of Justice (1981), Law and Literature (3rd ed. 2009), The Problems of Jurisprudence (1990), Cardozo: A Study in Reputation (1990), The Essential Holmes (1992), Sex and Reason (1992), Overcoming Law (1995), The Federal Courts: Challenge and Reform (1996), Law and Legal Theory in England and America (1996), The Problematics of Moral and Legal Theory (1999), Antitrust Law (2d ed. 2001), Law, Pragmatism, and Democracy (2003), Catastrophe: Risk and Response (2004), Preventing Surprise Attacks: Intelligence Reform in the Wake of 9/11 (2005), How Judges Think (2008), and A Failure of Capitalism: The Crisis of '08 and the Descent into Depression (2009), as well as books on the Clinton impeachment and Bush v. Gore, and many articles in legal and economic journals and book reviews in the popular press. He has taught administrative law, antitrust, economic analysis of law, history of legal thought, conflict of laws, regulated industries, law and literature, the legislative process, family law, primitive law, torts, civil procedure, evidence, health law and economics, law and science, and jurisprudence. He was the founding editor of the Journal of Legal Studies and (with Orley Ashenfelter) the American Law and Economics Review. He is an Honorary Bencher of the Inner Temple and a corresponding fellow of the British Academy, and he was the President of the American Law and Economics Association from 1995 to 1996 and the honorary President of the Bentham Club of University College, London, for 1998. He has received a number of awards, including the Thomas Jefferson Memorial Foundation Award in Law from the University of Virginia in 1994, the Marshall-Wythe Medallion from the College of William and Mary in 1998, the 2003 Research Award from the Fellows of the American Bar Foundation, also in 2003 the John Sherman Award from the U.S. Department of Justice, the Learned Hand Medal for Exellence in Federal Jurisprudence from the Federal bar Council in 2005, and, also in 2005, the Thomas C. Schelling Award from the John F. Kennedy School of Government at Harvard University.","a number of books, including Economic Analysis of Law (7th ed., 2007), The Economics of Justice (1981)"
William M. Landes,https://images.gr-assets.com/authors/1277147946p5/21428.jpg,"William M. Landes is the Clifton R. Musser Professor of Law and Economics, Emeritus, and Senior Lecturer in Law at The University of Chicago Law School.William Landes joined the faculty of the Law School in 1974 and was the Clifton R. Musser Professor of Law and Economics in the Law School from 1992 to 2009. Mr. Landes has written widely on the application of economics and quantitative methods to law and legal institutions, including torts, intellectual property, judicial behavior, legal decision-making, and art law. His most recent book, The Economic Structure of Intellectual Property Law (2003) with Judge Richard Posner (Senior Lecturer at the Law School), applies economic analysis to the many legal doctrines in trademark, copyright, trade secret, and patent law. Landes has been an editor of the Journal of Law and Economics (1975–1991) and the Journal of Legal Studies (1991–2000), is past president of the American Law and Economics Association, and is a member of the American Economic Association, the Mont Pelerin Society, and the Council of Economic Advisers of the American Enterprise Institute. He is also a Fellow of the American Academy of Arts and Sciences.","widely on the application of economics and quantitative methods to law and legal institutions, including torts, intellectual property, judicial behavior, legal decision-making, and art law. His most recent book, The Economic Structure of Intellectual Property Law (2003)"
Gerald Posner,https://images.gr-assets.com/authors/1419461403p5/21436.jpg,"Gerald Posner is an award winning journalist, bestselling author and attorney. The Los Angeles Times dubs him ""a classic-style investigative journalist."" ""His work is painstakingly honest journalism"" concluded The Washington Post. The New York Times lauded his ""exhaustive research techniques"" and The Boston Globe talked of Posner's ""thorough and hard-edge investigation."" ""A meticulous and serious researcher,"" said the New York Daily News.Posner's first book, Mengele, a 1986 biography of the Nazi ""Angel of Death” Josef Mengele, was the result of a pro-bono lawsuit Posner brought on behalf of surviving twins from Auschwitz. Since then he has written ten other books from the Pulitzer Prize-finalist Case Closed, to bestsellers on political assassinations, organized crime, national politics, and 9/11 and terrorism. His upcoming God’s Bankers has spanned nine years of research and received early critical praise.ohn Martin of ABC News says ""Gerald Posner is one of the most resourceful investigators I have encountered in thirty years of journalism."" Garry Wills calls Posner ""a superb investigative reporter. ""Posner, a former Wall Street lawyer, demolishes myths through a meticulous re-examination of the facts,"" reported the Chicago Tribune. ""Meticulous research,"" Newsday.Anthony Lewis in The New York Times: ""With 'Killing the Dream, he has written a superb book: a model of investigation, meticulous in its discovery and presentation of evidence, unbiased in its exploration of every claim. And it is a wonderfully readable book, as gripping as a first-class detective story.""""What we need is a work of painstakingly honest journalism, a la Case Closed, Gerald Posner's landmark re-examination of the assassination of John F. Kennedy,"" concluded Joe Sharkey in The New York Times.Gene Lyons, in Entertainment Weekly: ""As thorough and incisive a job of reporting and critical thinking as you will ever read, Case Closed does more than buttress the much beleaguered Warren Commission's conclusion ….More than that, Posner's book is written in a penetrating, lucid style that makes it a joy to read. Even the footnotes, often briskly debunking one or another fanciful or imaginary scenario put forth by the conspiracy theorists, rarely fail to enthrall...Case Closed is a work of genuine patriotism and a monument to the astringent power of reason. 'A'""Jeffrey Toobin in the Chicago Tribune: ""Unlike many of the 2,000 other books that have been written about the Kennedy assassination, Posner's Case Closed is a resolutely sane piece of work. More importantly, 'Case Closed' is utterly convincing in its thesis, which seems, in light of all that has transpired over the past 30 years, almost revolutionary....I started Case Closed as a skeptic - and slightly put off by the presumptuous title. To my mind historical truth is always a slippery thing. The chances of knowing for sure what happened in any event - much less one as murky as the Kennedy assassination - seem remote. But this fascinating and important book won me over. Case closed, indeed.""Based in the mixed realms of politics, history, and true crime, his articles - from The New York Times to The New Yorker to Newsweek, Time and The Daily Beast - have prompted Argentina to open its hidden Nazi files to researchers; raised disturbing questions about clues the FBI missed in the 1995 Oklahoma City bombing; sparked a reinvestigation of the Boston Strangler; and exposed Pete Rose's gambling addiction, which led to his ban from baseball.Posner was one of the youngest attorneys (23) ever hired by Cravath, Swaine &amp; Moore. A Political Science major, Posner was a Phi Beta Kappa and Summa Cum Laude graduate of the University of California at Berkeley (1975), where he was also a national debating champion, winner of the Meiklejohn Award. At Hastings Law School (1978), he was an Honors Graduate and served as the Associate Executive Editor for the Law Review. Of Counsel to Posner &amp; Ferrar","ten other books from the Pulitzer Prize-finalist Case Closed, to bestsellers on political assassinations, organized crime, national politics, and 9/11 and terrorism. His upcoming God’s Bankers has spanned nine years of research and received early critical praise.ohn Martin of ABC News says ""Gerald Posner is one of the most resourceful investigators I have encountered in thirty years of journalism."" Garry Wills calls Posner ""a superb investigative reporter. ""Posner, a former Wall Street lawyer, demolishes myths through a meticulous re-examination of the facts,"" reported the Chicago Tribune. ""Meticulous research,"" Newsday.Anthony Lewis in The New York Times: ""With 'Killing the Dream, he has written a superb book: a model of investigation, meticulous in its discovery and presentation of evidence, unbiased in its exploration of every claim. And it is a wonderfully readable book, as gripping as a first-class detective story.""""What we need is a work of painstakingly honest journalism, a la Case Closed, Gerald Posner's landmark re-examination of the assassination of John F. Kennedy,"" concluded Joe Sharkey in The New York Times.Gene Lyons, in Entertainment Weekly: ""As thorough and incisive a job of reporting and critical thinking as you will ever read, Case Closed does more than buttress the much beleaguered Warren Commission's conclusion ….More than that, Posner's book is written in a penetrating, lucid style that makes it a joy to read. Even the footnotes, often briskly debunking one or another fanciful or imaginary scenario put forth by the conspiracy theorists, rarely fail to enthrall...Case Closed is a work of genuine patriotism and a monument to the astringent power of reason. 'A'""Jeffrey Toobin in the Chicago Tribune: ""Unlike many of the 2,000 other books that have been written about the Kennedy assassination, Posner's Case Closed is a resolutely sane piece of work. More importantly, 'Case Closed' is utterly convincing in its thesis, which seems, in light of all that has transpired over the past 30 years, almost revolutionary....I started Case Closed as a skeptic - and slightly put off by the presumptuous title. To my mind historical truth is always a slippery thing. The chances of knowing for sure what happened in any event - much less one as murky as the Kennedy assassination - seem remote. But this fascinating and important book won me over. Case closed, indeed.""Based in the mixed realms of politics, history, and true crime, his articles - from The New York Times to The New Yorker to Newsweek, Time and The Daily Beast - have prompted Argentina to open its hidden Nazi files to researchers; raised disturbing questions about clues the FBI missed in the 1995 Oklahoma City bombing; sparked a reinvestigation of the Boston Strangler; and exposed Pete Rose's gambling addiction, which led to his ban from baseball.Posner was one of the youngest attorneys (23) ever hired by Cravath, Swaine &amp; Moore. A Political Science major, Posner was a Phi Beta Kappa and Summa Cum Laude graduate of the University of California at Berkeley (1975)"
Emma Bull,https://images.gr-assets.com/authors/1220945364p5/22548.jpg,"Emma Bull is a science fiction and fantasy author whose best-known novel is War for the Oaks, one of the pioneering works of urban fantasy. She has participated in Terri Windling's Borderland shared universe, which is the setting of her 1994 novel Finder. She sang in the rock-funk band Cats Laughing, and both sang and played guitar in the folk duo The Flash Girls while living in Minneapolis, Minnesota.Her 1991 post-apocalyptic science fiction novel Bone Dance was nominated for the Hugo, Nebula, and World Fantasy Awards. Bull wrote a screenplay for War for the Oaks, which was made into an 11-minute mini-film designed to look like a film trailer. She made a cameo appearance as the Queen of the Seelie Court, and her husband, Will Shetterly, directed. Bull and Shetterly created the shared universe of Liavek, for which they have both written stories. There are five Liavek collections extant.She was a member of the writing group The Scribblies, which included Will Shetterly as well as Pamela Dean, Kara Dalkey, Nate Bucklin, Patricia Wrede and Steven Brust. With Steven Brust, Bull wrote Freedom and Necessity (1997), an epistolary novel with subtle fantasy elements set during the 19th century United Kingdom of Great Britain and Ireland Chartist movement.Bull graduated from Beloit College in 1976. Bull and Shetterly live in Arizona.","stories. There are five Liavek collections extant.She was a member of the writing group The Scribblies, which included Will Shetterly as well as Pamela Dean, Kara Dalkey, Nate Bucklin, Patricia Wrede and Steven Brust. With Steven Brust, Bull wrote Freedom and Necessity (1997)"
Alan Duff,https://images.gr-assets.com/authors/1387407321p5/22712.jpg,"Alan Duff (born October 26, 1950, Rotorua, New Zealand) is a New Zealand novelist and newspaper columnist, most well known as the author of Once Were Warriors. He began to write full-time in 1985.He tried writing a thriller as his first novel, but it was rejected. He burned the manuscript and started writing Once Were Warriors, which had an immediate and great impact. The novel is written in juxtaposed interior monologues, making its style stand out from other works. It was winner of the PEN Best First Book Award, was runner-up in the Goodman Fielder Wattie Award, and was made into the award-winning film of the same name in 1994.Another of his novels, One Night Out Stealing, appeared in 1991 and shortlisted in the 1992 Goodman Fielder Wattie Book Awards.He was also awarded the Frank Sargeson Fellowship in 1991, and began writing a weekly -- later bi-weekly — column for the Evening Post (Wellington newspaper), syndicated to eight other newspapers. In this, and in his 1993 analysis, Māori: The Crisis and the Challenge, he has developed his ideas on the failures of Māoridom, castigating both the traditional leadership and the radical movement for dwelling on the injustices of the past and expecting others to resolve them, instead of encouraging Māori to get on and help themselves. The blame for Māori underperformance he puts squarely back on Māori, for not making the most of the opportunities given them. This somewhat simplistic message has proved highly controversial.State Ward started as a series of episodes on radio in 1993 and was published as a novella in 1994.The Books in Homes scheme, co-founded in 1995 by Duff and Christine Fernyhough, with commercial sponsorship and government support, aims to alleviate poverty and illiteracy by providing low-cost books to underprivileged children, thus encouraging them to read. In its first year alone it put about 180,000 new books in the hands of about 38,000 children. By 2008, the scheme delivered 5 million books to schools around New Zealand.What Becomes of the Broken Hearted? (1996), the sequel to Once Were Warriors, was the winner of the fiction section of the 1997 Montana Book Awards and was also made in to a film in 1999. Two Sides of the Moon was published in 1998. Duff wrote his own memoir, Out of the Mist and the Steam, in 1999. His first novel to be set outside of New Zealand is Szabad (2001). Inspired by the stories of people Duff met during his several trips to Hungary, the story takes place in Budapest during the 1956 Hungarian Revolution. Jake's Long Shadow (2002) is the third volume in Duff's Once Were Warriors trilogy. In 2003 Once Were Warriors was brought to the stage across New Zealand as a musical drama.","in juxtaposed interior monologues, making its style stand out from other works. It was winner of the PEN Best First Book Award, was runner-up in the Goodman Fielder Wattie Award, and was made into the award-winning film of the same name in 1994.Another of his novels, One Night Out Stealing, appeared in 1991 and shortlisted in the 1992 Goodman Fielder Wattie Book Awards.He was also awarded the Frank Sargeson Fellowship in 1991, and began writing a weekly -- later bi-weekly — column for the Evening Post (Wellington newspaper), syndicated to eight other newspapers. In this, and in his 1993 analysis, Māori: The Crisis and the Challenge, he has developed his ideas on the failures of Māoridom, castigating both the traditional leadership and the radical movement for dwelling on the injustices of the past and expecting others to resolve them, instead of encouraging Māori to get on and help themselves. The blame for Māori underperformance he puts squarely back on Māori, for not making the most of the opportunities given them. This somewhat simplistic message has proved highly controversial.State Ward started as a series of episodes on radio in 1993 and was published as a novella in 1994.The Books in Homes scheme, co-founded in 1995 by Duff and Christine Fernyhough, with commercial sponsorship and government support, aims to alleviate poverty and illiteracy by providing low-cost books to underprivileged children, thus encouraging them to read. In its first year alone it put about 180,000 new books in the hands of about 38,000 children. By 2008, the scheme delivered 5 million books to schools around New Zealand.What Becomes of the Broken Hearted? (1996)"
Terry Dowling,https://images.gr-assets.com/authors/1378054615p5/22993.jpg,"Terence William (Terry) Dowling -“Who’s the writer who can produce horror as powerful and witty as the best of Peter Straub, SF as wondrously byzantine and baroque as anything by Gene Wolfe, near-mainstream subtly tinged with the fantastic like some tales by Powers or Lansdale? Why Terry Dowling, of course.” Locus (Nov 1999)Born in Sydney in 1947, Terry Dowling is one of Australia’s most awarded, versatile and internationally acclaimed writers of science fiction, fantasy, dark fantasy and horror. He is author of Rynosseros (1990), Blue Tyson (1992), Twilight Beach (1993) and Rynemonn (2007) (the Ditmar award-winning Tom Rynosseros saga, which, in his 2002 Fantastic Fictions Symposium keynote speech, US Professor Brian Attebery called “not only intricate and engaging, but important as well”), Wormwood (1991), The Man Who Lost Red (1994), An Intimate Knowledge of the Night (1995), Antique Futures: The Best of Terry Dowling (1999), Blackwater Days (2000) and Basic Black: Tales of Appropriate Fear (2006) (which earned a starred review in Publishers’ Weekly in May 2006 and won the 2007 International Horror Guild Award for Best Collection). He is editor of the World Fantasy Award-winning The Essential Ellison (1987/ revised 2001), Mortal Fire: Best Australian SF (1993) and The Jack Vance Treasury (2007).Dowling has outstanding publishing credentials. As well as appearances in The Year’s Best Science Fiction, The Year’s Best SF, The Mammoth Book of Best New SF, The Year’s Best Fantasy, The Best New Horror and The Year’s Best Fantasy and Horror (a record eight times; he is the only author to have had two stories in the 2001 volume, one chosen by each editor), his work has appeared in such major anthologies as Centaurus: The Best of Australian Science Fiction, The Dark, Dreaming Down Under, Gathering the Bones and The Oxford Book of Australian Ghost Stories and in such diverse publications as the prestigious SciFiction, The Magazine of Fantasy &amp; Science Fiction, Interzone, Oceans of the Mind, Ténèbres, Ikarie, Japan’s SF and Russia’s Game.Exe. His fiction has been translated into many languages and has been used in a course in forensic psychology in the US.“Here is Jack Vance, Cordwainer Smith and Tiptree/Sheldon come again, reborn in one wonderful talent…you’ll purr and growl with delight.” – Harlan EllisonTerry has also written and co-designed three best-selling computer adventures: Schizm: Mysterious Journey (2001) (aka US Mysterious Journey: Schizm) (www.schizm.com/schizm1/), Schizm II: Chameleon (2003) (aka US Mysterious Journey II: Chameleon) (www.schizm2.info) and Sentinel: Descendants in Time (2004) (aka Realms of Illusion) (www.dormeuse.info) (based on his 1996 short story, “The Ichneumon and the Dormeuse”), which have been published in many foreign language editions. He has reviewed for The Sydney Morning Herald and The Bulletin, and was the science fiction, fantasy and horror reviewer for The Weekend Australian for nineteen years under four different literary editors: Barry Oakley, James Hall, Murray Waldren and Deborah Hope.Terry holds a PhD in Creative Writing from the University of Western Australia (the first such degree to be granted and completed at that university), an MA (Hons) in English Literature and a BA (Hons) in English Literature, Archaeology and Ancient History, both from the University of Sydney. He has won many Ditmar and Aurealis Awards for his fiction, as well as the William Atheling Jr Award for his critical work. His first computer adventure won the Grand Prix at Utopiales in France in 2001 and he has been nominated for the World Fantasy Award twice.",and co-designed three best-selling computer adventures: Schizm: Mysterious Journey (2001)
Jim Herrick,https://images.gr-assets.com/authors/1392163860p5/23068.jpg,"Herrick, Jim (1944 – )Herrick, an atheist and the author of works on the history of humanism, has written Vision and Realism, a Hundred Years of the Freethinker (1982); Against The Faith (1985), essays on deists, skeptics, and Atheists; and A Humanist Anthology (1995).Herrick was on the editorial board of International Humanist and from 1993 to 1998 was editor of its successor, International Humanist News, which is the journal of the International Humanist and Ethical Union (IHEU).In addition, he is a former editor of The Free Thinker (1977—1981) and vice president of the National Secular Society.Herrick also was editor of New Humanist, the journal of the Rationalist Press Association, of which he is a member of the Board of Directors.“Bible-smashing is tedious to people who have smashed their Bibles,” Herrick quotes George Bernard Shaw in a lucid article, “The Freethinker Yesterday and Today” (Freethinker, June 1994). But ever since G. W. Foote’s first issue of the journal in 1881, Herrick notes that it has remained imperative to continue attacking the evangelicals’ “spread of pernicious myths and unnecessary hardship for children and parents.” Unfortunately, he adds, early freethinkers if they were to look at the current situation “would be surprised that religion has proved so persistent in the face of so many intellectual arguments against it. This shows that it is not rational thought that keeps the churches alive but emotion, habit, and the desire for power.” In 1996, speaking at the fourth World Atheist Conference held in Vijayawada, India, Herrick noted that no one has ever been injured by the truth. Self-deception is what actually injures humankind. “We must nurture the positive side of our atheistic existence,” he said, adding thatExtremist religion and fundamentalism, whether from the Christian Moral Right or from Islam, is growing in the world. We must on no account demonise the Muslims. I have met tolerant and civilised Muslims, the Sufi tradition of art and mysticism is fine, and many artistic endeavours are superb. We must keep in dialogue and encourage the liberals.In India, Herrick attended the Rationalist Conference held in 1996, at which fire-walking demonstrations were held to debunk the godmen who claim they have supernatural powers. He spoke on “Freedom of Speech as a Universal Human Right.” Also in 1996, he participated in the Humanist World Congress in Mexico City. Here, he received a distinguished service award for his four years’ editorship of International Humanist News.In 1998 he spoke at the IHEU’s congress in Mumbai. Herrick, one of the most recognized humanists around the world, resigned as the IHEU’s newsletter editor but remains active in international rationalist and humanist affairs. He signed Humanist Manifesto 2000 but lamented that “it has a far too rosy view of human nature,” “too much is left to the market economy,” and “the potential for human conflict is underestimated. . . . Nevertheless, perhaps irrationally, humanists of goodwill cannot allow these reservations to dampen the power of human effort and human hope.”More: http://en.wikipedia.org/wiki/Jim_Herrick","Vision and Realism, a Hundred Years of the Freethinker (1982)"
John Colapinto,https://images.gr-assets.com/authors/1310142536p5/23301.jpg,"An award-winning journalist, author and novelist and is currently a staff writer at The New Yorker.Prior to working at The New Yorker, Colapinto wrote for Vanity Fair, New York magazine and The New York Times Magazine, and in 1995 he became a contributing editor at Rolling Stone,[1] where he published feature stories on a variety of subjects ranging from AIDS, to kids and guns, to heroin in the music business, to Penthouse magazine creator, Bob Guccione (his Guccione story was a finalist for the ASME award in profile writing in 2004). In 1998, he published a 20,000 word feature story in Rolling Stone titled The True Story of John/Joan, an account of David Reimer, who had undergone a sex change in infancy—a medical experiment long heralded as a success, but which was, in fact, a failure. The story, which detailed not only Reimer's tortured life, but the medical scandal surrounding its cover-up, won the ASME Award for reporting and in 2000, Colapinto published a book-length account of the case, As Nature Made Him: The Boy Who Was Raised As A Girl. The book was a New York Times bestseller and the film rights were bought by Peter Jackson, the director of the Lord of the Rings trilogy. Colapinto also wrote a novel, About the Author, a tale of literary envy and theft. It was published in August 2001 and was a number 6 pick on the Booksense 76 list of best novels of the season; it was a nominee for the IMPAC literary award and for a number of years was under option by Dreamworks, where playwright Patrick Marber (Closer and Howard Katz) wrote a screen adaptation. The film rights to the novel have since been acquired by producer Scott Rudin.As a writer for The New Yorker, Colapinto has written about subjects as diverse as medicinal leeches; Sotheby's auctioneer Tobias Meyer; fashion designers Karl Lagerfeld and Rick Owens; the linguistic oddities of the Pirahã people (an Amazonian tribe); and Paul McCartney. His piece on the Piraha was anthologized in ""The Best American Science and Nature Writing"" (2008); his New Yorker story about loss prevention (anti-theft in stores) was included in ""The Best American Crime Reporting"" (2009);[2] and his New Yorker profile of neuroscientist V.S. Ramachandran was selected by Freeman Dyson for inclusion in ""The Best American Science and Nature Writing"" (2010).John Colapinto lives on New York City's Upper East Side. He is married to fashion illustrator and artist, Donna Mehalko, and they have one son.-Wikipedia","about subjects as diverse as medicinal leeches; Sotheby's auctioneer Tobias Meyer; fashion designers Karl Lagerfeld and Rick Owens; the linguistic oddities of the Pirahã people (an Amazonian tribe); and Paul McCartney. His piece on the Piraha was anthologized in ""The Best American Science and Nature Writing"" (2008)"
Jonathan Carroll,https://images.gr-assets.com/authors/1222900262p5/23704.jpg,"Jonathan Carroll (b. 1949) is an award-winning American author of modern fantasy and slipstream novels. His debut book, The Land of Laughs (1980), tells the story of a children’s author whose imagination has left the printed page and begun to influence reality. The book introduced several hallmarks of Carroll’s writing, including talking animals and worlds that straddle the thin line between reality and the surreal, a technique that has seen him compared to South American magical realists.Outside the Dog Museum (1991) was named the best novel of the year by the British Fantasy Society, and has proven to be one of Carroll’s most popular works. Since then he has written the Crane’s View trilogy, Glass Soup (2005) and, most recently, The Ghost in Love (2008). His short stories have been collected in The Panic Hand (1995) and The Woman Who Married a Cloud (2012). He continues to live and write in Vienna.","the Crane’s View trilogy, Glass Soup (2005)"
Cressida Cowell,https://images.gr-assets.com/authors/1294682719p5/23894.jpg,"Cressida Cowell grew up in London and on a small, uninhabited island off the west coast of Scotland. She was convinced that there were dragons living on this island, and has been fascinated by dragons ever since. She has a BA in English Literature from Oxford University, a BA in Graphic Design from St Martin's and an MA in Narrative Illustration from Brighton. Cressida loves illustrating her own work, but also loves writing books for other people to illustrate as the end result can be so unexpected and inspiring. Cressida has written and illustrated eight books in the popular Hiccup series. The unique blend of child centred humour and sublime prose made Hiccup an instant hit. How to Train Your Dragon is now published in over 30 languages. A DreamWorks Animation feature film is out in March 2010. Also the author of picture books, Cressida has won the Nestle Children's Book Prize 2006 and has been shortlisted for many others. Cressida lives in Hammersmith with her husband and three children. Her Books:1. How to Train Your Dragon (2003)2. How to Be a Pirate (2004)3. How to Speak Dragonese (2005)4. How to Cheat a Dragon’s Curse (2006)5. How to Twist a Dragon’s Tale (2007)6. A Hero’s Guide to Deadly Dragons (2008)7. How to Ride a Dragon’s Storm (2008)8. How to Break a Dragon’s Heart (2010)9. How to Steal a Dragon's Sword (2011)10. How to Seize a Dragon's Jewel (2012)","and illustrated eight books in the popular Hiccup series. The unique blend of child centred humour and sublime prose made Hiccup an instant hit. How to Train Your Dragon is now published in over 30 languages. A DreamWorks Animation feature film is out in March 2010. Also the author of picture books, Cressida has won the Nestle Children's Book Prize 2006 and has been shortlisted for many others. Cressida lives in Hammersmith with her husband and three children. Her Books:1. How to Train Your Dragon (2003)"
Boria Sax,https://images.gr-assets.com/authors/1301333803p5/24834.jpg,"I first became interested in the literature of animals around the end of the 1980's, not terribly long after I had obtained my PhD in German and intellectual history. I was feeling frustrated in my search for an academic job and even study of literature. By accident, I came across an encyclopedia of animals that had been written in the early nineteenth century. There, without any self-consciousness, was a new world of romance and adventure, filled with turkeys that spoke Arabic, beavers that build like architects, and dogs that solve murders. Within a few months, I had junked my previous research and devoted my studies to these texts.Today, I shudder how nervy the switch was for a destitute young scholar, who, despite one book and several articles, had not managed to obtain any steady job except mopping floors. But soon I had managed to publish two books on animals in literature, The Frog King (1990) and The Parliament of Animals (1992). Around 1995, I founded Nature in Legend and Story (NILAS, Inc.), an organization that combines storytelling and scholarship. It was initially, a sort of rag-tag band of intellectual adventurers who loved literature but could not find a niche in the scholarly world. We put together a few conferences, which generated a lot of excitement among the few who attended, but little notice in academia or in what they sometimes call ""the real world.""From fables and anecdotes, I moved to mythology, and published The Serpent and the Swan (1997), a study of animal bride tales from around the world. This was followed by many further publications including an examination of the darker side of animal studies, Animals in the Third Reich (2000), and a sort of compendium, The Mythical Zoo (2002), and a cultural history of corvids entitled Crow (2003). My most recent book is City of Ravens: London, its Tower and its Famous Ravens (2011), and Imaginary Animals will be published soon by Reaktion Books in London.When I embarked on the study of animals in myth and literature, even graduate students did not have to mention a few dozen books just to show that they had read them. In barely more than a couple decades, the literature on human-animal relations has grown enormously in both quantity and sophistication. NILAS, I am proud to say, has become a well established organization, which has sponsored two highly successful conferences together with ISAZ.But as the study of animals, what I like to call ""totemic literature,"" becomes more of a standard feature of academic programs, I fear that something may be lost. It is now just a little too easy to discourse about the ""social construction"" and the ""transgression"" of ""boundaries"" between animals and human beings. Even as I admire the subtlety of such analysis, I sometimes find myself thinking, ""So what?""Having been there close to the beginning, part of my role is now to preserve some the sensuous immediacy, with that filled the study of animals in literature when it was still a novelty. That sort of ""poetry"" is not simply a luxury in our intellectual pursuits. With such developments as cloning, genetic engineering, and the massive destruction of natural habitats, we face crises so unprecedented that traditional philosophies, from utilitarianism to deep ecology, can offer us precious little guidance. The possibilities are so overwhelming, that we hardly even know what questions to ask. But neither, I am sure, did the fugitive who once encountered a mermaid in the middle of the woods.","in the early nineteenth century. There, without any self-consciousness, was a new world of romance and adventure, filled with turkeys that spoke Arabic, beavers that build like architects, and dogs that solve murders. Within a few months, I had junked my previous research and devoted my studies to these texts.Today, I shudder how nervy the switch was for a destitute young scholar, who, despite one book and several articles, had not managed to obtain any steady job except mopping floors. But soon I had managed to publish two books on animals in literature, The Frog King (1990)"
Nahid Rachlin,https://images.gr-assets.com/authors/1450308459p5/25427.jpg,"Books by Nahid Rachlin: http://www.amazon.com/Nahid-Rachlin/e... Nahid Rachlin went to Columbia University Writing Program on a Doubleday-Columbia Fellowship and then went on to Stanford University MFA program on a Stegner Fellowship. Her publications include a memoir, PERSIAN GIRLS (Penguin), four novels, JUMPING OVER FIRE (City Lights), FOREIGNER (W.W. Norton), MARRIED TO A STRANGER (E.P.Dutton-Penguin), THE HEART'S DESIRE (City Lights), and a collection of short stories, VEILS (City Lights). CROWD OF SORROWS, (Kindle Singles). You can listen to my reading of three flash-fiction stories at https://soundcloud.com/roommagazine/t...Her individual short stories have appeared in more than fifty magazines, including The Virginia Quarterly Review, Prairie Schooner, Redbook, Shenandoah. One of her stories was adopted by Symphony Space, “Selected Shorts,” and was aired on NPR’s around the country and two stories were nominated for Pushcart Prize. Her work has received favorable reviews in major magazines and newspapers and translated into Portuguese, Polish, Italian, Dutch, German, Arabic, and Persian. She has been interviewed in NPR stations such as All Things Considered (Terry Gross), P&amp;W magazine, Writers Chronicle. She has written reviews and essays for New York Times, Newsday, Washington Post and Los Angeles Times. Other grants and awards she has received include the Bennet Cerf Award, PEN Syndicated Fiction Project Award, and a National Endowment for the Arts grant. She has taught creative writing at Barnard College, Yale University and at a wide variety of writers conferences, including Paris Writers Conference, Geneva Writers Conference, and Yale Writers Conference. She has been judge for several fiction awards and competitions, among them, Grace Paley Prize in Short Fiction (2015) sponsored by AWP, Maureen Egen Writers Exchange Award sponsored by Poets &amp; Writers, Katherine Anne Porter Fiction Prize, University of Maryland, English Dept, Teichmann Fiction Prize, Barnard College, English Dept. For more please click on her website: website: http://www.nahidrachlin.com","reviews and essays for New York Times, Newsday, Washington Post and Los Angeles Times. Other grants and awards she has received include the Bennet Cerf Award, PEN Syndicated Fiction Project Award, and a National Endowment for the Arts grant. She has taught creative writing at Barnard College, Yale University and at a wide variety of writers conferences, including Paris Writers Conference, Geneva Writers Conference, and Yale Writers Conference. She has been judge for several fiction awards and competitions, among them, Grace Paley Prize in Short Fiction (2015)"
Oriana Fallaci,https://images.gr-assets.com/authors/1221231926p5/25545.jpg,"Oriana Fallaci was born in Florence, Italy. During World War II, she joined the resistance despite her youth, in the democratic armed group ""Giustizia e Libertà"". Her father Edoardo Fallaci, a cabinet maker in Florence, was a political activist struggling to put an end to the dictatorship of Italian fascist leader Benito Mussolini. It was during this period that Fallaci was first exposed to the atrocities of war.Fallaci began her journalistic career in her teens, becoming a special correspondent for the Italian paper Il mattino dell'Italia centrale in 1946. Since 1967 she worked as a war correspondent, in Vietnam, for the Indo-Pakistani War, in the Middle East and in South America. For many years, Fallaci was a special correspondent for the political magazine L'Europeo and wrote for a number of leading newspapers and Epoca magazine. During the 1968 Tlatelolco massacre prior to the 1968 Summer Olympics, Fallaci was shot three times, dragged down stairs by her hair, and left for dead by Mexican forces. According to The New Yorker, her former support of the student activists ""devolved into a dislike of Mexicans"":The demonstrations by immigrants in the United States these past few months ""disgust"" her, especially when protesters displayed the Mexican flag. ""I don't love the Mexicans,"" Fallaci said, invoking her nasty treatment at the hands of Mexican police in 1968. ""If you hold a gun and say, 'Choose who is worse between the Muslims and the Mexicans,' I have a moment of hesitation. Then I choose the Muslims, because they have broken my balls.""In the late 1970s, she had an affair with the subject of one of her interviews, Alexandros Panagoulis, who had been a solitary figure in the Greek resistance against the 1967 dictatorship, having been captured, heavily tortured and imprisoned for his (unsuccessful) assassination attempt against dictator and ex-Colonel Georgios Papadopoulos. Panagoulis died in 1976, under controversial circumstances, in a road accident. Fallaci maintained that Panagoulis was assassinated by remnants of the Greek military junta and her book Un Uomo (A Man) was inspired by the life of Panagoulis.During her 1972 interview with Henry Kissinger, Kissinger agreed that the Vietnam War was a ""useless war"" and compared himself to ""the cowboy who leads the wagon train by riding ahead alone on his horse"".Kissinger later wrote that it was ""the single most disastrous conversation I have ever had with any member of the press.""She has written several novels uncomfortably close to raw reality which have been bestsellers in Italy and widely translated. Fallaci, a fully emancipated and successful woman in the man's world of international political and battlefront journalism, has antagonized many feminists by her outright individualism, her championship of motherhood, and her idolization of heroic manhood. In journalism, her critics have felt that she has outraged the conventions of interviewing and reporting. As a novelist, she shatters the invisible diaphragm of literariness, and is accused of betraying, or simply failing literature. Fallaci has twice received the St. Vincent Prize for journalism, as well as the Bancarella Prize (1971) for Nothing, and So Be It; Viareggio Prize (1979), for Un uomo: Romanzo; and Prix Antibes, 1993, for Inshallah. She received a D.Litt. from Columbia College (Chicago). She has lectured at the University of Chicago, Yale University, Harvard University, and Columbia University.[citation needed] Fallaci’s writings have been translated into 21 languages including English, Spanish, French, Dutch, German, Greek, Swedish, Polish, Croatian and Slovenian.Fallaci was a life-long heavy smoker. She died on September 15, 2006 in her native Florence from breast cancer.","several novels uncomfortably close to raw reality which have been bestsellers in Italy and widely translated. Fallaci, a fully emancipated and successful woman in the man's world of international political and battlefront journalism, has antagonized many feminists by her outright individualism, her championship of motherhood, and her idolization of heroic manhood. In journalism, her critics have felt that she has outraged the conventions of interviewing and reporting. As a novelist, she shatters the invisible diaphragm of literariness, and is accused of betraying, or simply failing literature. Fallaci has twice received the St. Vincent Prize for journalism, as well as the Bancarella Prize (1971)"
Louise Welsh,https://images.gr-assets.com/authors/1275777637p5/25740.jpg,"After studying history at Glasgow University, Louise Welsh established a second-hand bookshop, where she worked for many years. Her first novel, The Cutting Room, won several awards, including the 2002 Crime Writers’ Association John Creasey Memorial Dagger, and was jointly awarded the 2002 Saltire Society Scottish First Book of the Year Award. Louise was granted a Robert Louis Stevenson Memorial Award in 2003, a Scotland on Sunday/Glenfiddich Spirit of Scotland Award in 2004, and a Hawthornden Fellowship in 2005. She is a regular radio broadcaster, has published many short stories, and has contributed articles and reviews to most of the British broadsheets. She has also written for the stage. The Guardian chose her as a 'woman to watch' in 2003.Her second book, Tamburlaine Must Die, a novelette written around the final three days of the poet Christopher Marlowe's life, was published in 2004. Her third novel, The Bullet Trick (2006), is a present-day murder mystery set in Berlin.The Cutting Room 2002Tamburlaine Must Die 2004The Bullet Trick 2006Naming The Bones 2010Prizes and awards2002 Crime Writers' Association John Creasey Memorial Dagger The Cutting Room2002 Saltire Society Scottish First Book of the Year Award (joint winner) The Cutting Room2003 BBC Underground Award (writer category) The Cutting Room2003 Robert Louis Stevenson Memorial Award2004 Corine Internationaler Buchpreis: Rolf Heyne Debutpreis (Germany) The Cutting Room2004 Scotland on Sunday/Glenfiddich Spirit of Scotland Award2004 Stonewall Book Award (US) (honor in literature)","for the stage. The Guardian chose her as a 'woman to watch' in 2003.Her second book, Tamburlaine Must Die, a novelette written around the final three days of the poet Christopher Marlowe's life, was published in 2004. Her third novel, The Bullet Trick (2006)"
Ross King,https://images.gr-assets.com/authors/1205162095p5/26293.jpg,"Librarian Note: There is more than one author in the GoodReads database with this name. See this thread for more information.Ross King (born July 16, 1962) is a Canadian novelist and non-fiction writer. He began his career by writing two works of historical fiction in the 1990s, later turning to non-fiction, and has since written several critically acclaimed and best-selling historical works.King was born in Estevan, Saskatchewan, Canada and was raised in the nearby village of North Portal. He received his undergraduate university education at the University of Regina, where in 1984 he completed a Bachelor of Arts (Honours) degree in English Literature. Continuing his studies at the University of Regina, he received a Master of Arts degree in 1986 upon completing a thesis on the poet T.S. Eliot. Later he achieved a Ph.D. from York University in Toronto (1992), where he specialized eighteenth-century English literature.King moved to England to take up a position as a post-doctoral research fellow at University College, London. It was at this time that he began writing his first novel.For Michelangelo and the Pope's Ceiling, King was nominated in 2003 for a National Book Critics Circle Award. Brunelleschi’s Dome was on the bestseller lists of the New York Times, the Boston Globe and the San Francisco Chronicle, and was the recipient of several awards including the 2000 Book Sense Nonfiction Book of the Year.He lectures frequently in both Europe and North America, and has given guided tours of the cathedral of Santa Maria del Fiore in Florence and of the Sistine Chapel in Rome.King currently lives in Woodstock, England with his wife Melanie","several critically acclaimed and best-selling historical works.King was born in Estevan, Saskatchewan, Canada and was raised in the nearby village of North Portal. He received his undergraduate university education at the University of Regina, where in 1984 he completed a Bachelor of Arts (Honours) degree in English Literature. Continuing his studies at the University of Regina, he received a Master of Arts degree in 1986 upon completing a thesis on the poet T.S. Eliot. Later he achieved a Ph.D. from York University in Toronto (1992)"
Hubert Selby Jr.,https://images.gr-assets.com/authors/1397502493p5/26335.jpg,"Hubert Selby, Jr. was born in Brooklyn and went to sea as a merchant marine while still in his teens. Laid low by lung disease, he was, after a decade of hospitalizations, written off as a goner and sent home to die. Deciding instead to live, but having no way to make a living, he came to a realization that would change the course of literature: ""I knew the alphabet. Maybe I could be a writer."" Drawing from the soul of his Brooklyn neighborhood, he began writing something called ""The Queen Is Dead,"" which evolved, after six years, into his first novel, Last Exit to Brooklyn (1964), a book that Allen Ginsberg predicted would ""explode like a rusty hellish bombshell over America and still be eagerly read in a hundred years.""Selby's second novel, The Room (1971), considered by some to be his masterpiece, received, as Selby said, ""the greatest reviews I've ever read in my life,"" then rapidly vanished leaving barely a trace of its existence. Over the years, however, especially in Europe, The Room has come to be recognized as what Selby himself perceives it to be: the most disturbing book ever written, a book that he himself was unable to read again for twenty years after writing it.""A man obsessed / is a man possessed / by a demon."" Thus the defining epigraph of The Demon (1976), a novel that, like The Room, has been better understood and more widely embraced abroad than at home.If The Room is Selby's own favorite among his books, Requiem for a Dream (1978) contains his favorite opening line: ""Harry locked his mother in the closet."" It is perhaps the truest and most horrific tale of heroin addiction ever written. Song of the Silent Snow (1986) brought together fifteen stories whose writing spanned more than twenty years.Selby continued to write short fiction, screenplays and teleplays at his apartment in West Hollywood. His work appeared in many journals, including Yugen, Black Mountain Review, Evergreen Review, Provincetown Review, Kulchur, New Directions Annual, Swank and Open City. For the last 20 years of his life, Selby taught creative writing as an adjunct professor in the Master of Professional Writing program at the University of Southern California. Selby often wryly noted that The New York Times would not review his books when they were published, but he predicted that they'd print his obituary.The movie Last Exit to Brooklyn, Directed by Uli Edel, was made in 1989 and his 1978 novel Requiem for a Dream was made into a film that was released in 2000. Selby himself had a small role as a prison guard. In the 1980s, Selby made the acquaintance of rock singer Henry Rollins, who had long admired Selby's works and publicly championed them. Rollins not only helped broaden Selby's readership, but also arranged recording sessions and reading tours for Selby. Rollins issued original recordings through his own 2.13.61 publications, and distributed Selby's other works.During the last years of his life, Selby suffered from depression and fits of rage, but was always a caring father and grandfather. The last month of his life Selby spent in and out of the hospital. He died in Highland Park, Los Angeles, California of chronic obstructive pulmonary lung disease. Selby was survived by his wife of 35 years, Suzanne; four children and 11 grandchildren.","off as a goner and sent home to die. Deciding instead to live, but having no way to make a living, he came to a realization that would change the course of literature: ""I knew the alphabet. Maybe I could be a writer."" Drawing from the soul of his Brooklyn neighborhood, he began writing something called ""The Queen Is Dead,"" which evolved, after six years, into his first novel, Last Exit to Brooklyn (1964)"
Tony Parsons,https://images.gr-assets.com/authors/1463002728p5/26629.jpg,"There is more than one author in the Goodreads database with this name.Tony Parsons (born 6 November 1953) is a British journalist broadcaster and author. He began his career as a music journalist on the NME, writing about punk music. Later, he wrote for The Daily Telegraph, before going on to write his current column for the Daily Mirror. Parsons was for a time a regular guest on the BBC Two arts review programme The Late Show, and still appears infrequently on the successor Newsnight Review; he also briefly hosted a series on Channel 4 called Big Mouth.He is the author of the multi-million selling novel, Man and Boy (1999). Parsons had written a number of novels including The Kids (1976), Platinum Logic (1981) and Limelight Blues (1983), before he found mainstream success by focussing on the tribulations of thirty-something men. Parsons has since published a series of best-selling novels – One For My Baby (2001), Man and Wife (2003), The Family Way (2004), Stories We Could Tell (2006), My Favourite Wife (2007), Starting Over (2009) and Men From the Boys (2010). His novels typically deal with relationship problems, emotional dramas and the traumas of men and women in our time. He describes his writing as 'Men Lit', as opposed to the rising popularity of 'Chick Lit'.http://en.wikipedia.org/wiki/Tony_Par...",a number of novels including The Kids (1976)
Anne Bishop,https://images.gr-assets.com/authors/1237258217p5/26897.jpg,"Anne Bishop lives in upstate New York where she enjoys gardening, music, and writing dark, romantic stories. She is the author of over twenty novels, including the award-winning Black Jewels Trilogy. She has written a new series, the Others, which is an urban dark fantasy with a bit of a twist.Crawford Award (2000)Librarian Note: There is more than one author in the GoodReads database with this name. See this thread for more information.","a new series, the Others, which is an urban dark fantasy with a bit of a twist.Crawford Award (2000)"
Bradley Trevor Greive,https://images.gr-assets.com/authors/1308085704p5/27325.jpg,"Bradley Trevor Greive (BTG) is one of Australia's most prolific and successful authors. He has written 20 books which have been translated into 27 different languages, and have been sold in 115 different countries. Several of which have appeared in the New York Times bestseller list. Greive's work has won multiple awards worldwide and has sold more than 20 million copies. He lives mostly in Tasmania, Australia.Greive rose to prominence as an author in 2000 with the release of his hugely successful Blue Day Book, a collection of amusing animal photos and inspirational text designed to ""lift the spirits of anyone who has got the blues."" Since then he has published in excess of 20 books and has won numerous awards for his work, including the ABA Book of the Year Award (2000), the APA Best Designed Children’s Non-fiction Book Award (2003) and numerous #1 placings in bestseller lists across the world. Greive's work has been published on 6 continents and has sold in excess of 20 million copies to date.","20 books which have been translated into 27 different languages, and have been sold in 115 different countries. Several of which have appeared in the New York Times bestseller list. Greive's work has won multiple awards worldwide and has sold more than 20 million copies. He lives mostly in Tasmania, Australia.Greive rose to prominence as an author in 2000 with the release of his hugely successful Blue Day Book, a collection of amusing animal photos and inspirational text designed to ""lift the spirits of anyone who has got the blues."" Since then he has published in excess of 20 books and has won numerous awards for his work, including the ABA Book of the Year Award (2000)"
Dylan Evans,https://images.gr-assets.com/authors/1421739609p5/27543.jpg,"Dylan Evans is the founder of Projection Point, the global leader in risk intelligence solutions. He has written several popular science books, including Risk Intelligence: How to Live with Uncertainty (2012), Emotion: The Science of Sentiment (2001) and Placebo: The Belief Effect (2003), and in 2001 he was voted one of the twenty best young writers in Britain by the Independent on Sunday. He received a PhD in Philosophy from the London School of Economics in 2000, and has held academic appointments at King's College London, the University of Bath, the University of the West of England, and University College Cork, and the American University of Beirut.","several popular science books, including Risk Intelligence: How to Live with Uncertainty (2012)"
